index,field,pv,value,record_type
1,cell_01_excite_amps,SR01A-CS-FOFB-01:EXCITE:AMPS,[0. 0. 0. 0. 0. 0. 0. 0. 0. 0. 0. 0. 0. 0. 0. 0. 0. 0.],wfmo
1,cell_01_excite_deltas,SR01A-CS-FOFB-01:EXCITE:DELTAS,[0. 0. 0. 0. 0. 0. 0. 0. 0. 0. 0. 0. 0. 0. 0. 0. 0. 0.],wfmo
1,cell_01_excite_prime,SR01A-CS-FOFB-01:EXCITE:PRIME,0,ao
1,cell_01_excite_start_times,SR01A-CS-FOFB-01:EXCITE:START_TIMES,[0. 0. 0. 0. 0. 0. 0. 0. 0. 0. 0. 0. 0. 0. 0. 0. 0. 0.],wfmo
1,cell_01_excite_ticks,SR01A-CS-FOFB-01:EXCITE:TICKS,[0. 0. 0. 0. 0. 0. 0. 0. 0. 0. 0. 0. 0. 0. 0. 0. 0. 0.],wfmo
2,cell_02_excite_amps,SR02A-CS-FOFB-01:EXCITE:AMPS,[0. 0. 0. 0. 0. 0. 0. 0. 0. 0. 0. 0. 0. 0. 0. 0. 0. 0.],wfmo
2,cell_02_excite_deltas,SR02A-CS-FOFB-01:EXCITE:DELTAS,[0. 0. 0. 0. 0. 0. 0. 0. 0. 0. 0. 0. 0. 0. 0. 0. 0. 0.],wfmo
2,cell_02_excite_prime,SR02A-CS-FOFB-01:EXCITE:PRIME,0,ao
2,cell_02_excite_start_times,SR02A-CS-FOFB-01:EXCITE:START_TIMES,[0. 0. 0. 0. 0. 0. 0. 0. 0. 0. 0. 0. 0. 0. 0. 0. 0. 0.],wfmo
2,cell_02_excite_ticks,SR02A-CS-FOFB-01:EXCITE:TICKS,[0. 0. 0. 0. 0. 0. 0. 0. 0. 0. 0. 0. 0. 0. 0. 0. 0. 0.],wfmo
3,cell_03_excite_amps,SR03A-CS-FOFB-01:EXCITE:AMPS,[0. 0. 0. 0. 0. 0. 0. 0. 0. 0. 0. 0. 0. 0. 0. 0. 0. 0.],wfmo
3,cell_03_excite_deltas,SR03A-CS-FOFB-01:EXCITE:DELTAS,[0. 0. 0. 0. 0. 0. 0. 0. 0. 0. 0. 0. 0. 0. 0. 0. 0. 0.],wfmo
3,cell_03_excite_prime,SR03A-CS-FOFB-01:EXCITE:PRIME,0,ao
3,cell_03_excite_start_times,SR03A-CS-FOFB-01:EXCITE:START_TIMES,[0. 0. 0. 0. 0. 0. 0. 0. 0. 0. 0. 0. 0. 0. 0. 0. 0. 0.],wfmo
3,cell_03_excite_ticks,SR03A-CS-FOFB-01:EXCITE:TICKS,[0. 0. 0. 0. 0. 0. 0. 0. 0. 0. 0. 0. 0. 0. 0. 0. 0. 0.],wfmo
4,cell_04_excite_amps,SR04A-CS-FOFB-01:EXCITE:AMPS,[0. 0. 0. 0. 0. 0. 0. 0. 0. 0. 0. 0. 0. 0. 0. 0. 0. 0.],wfmo
4,cell_04_excite_deltas,SR04A-CS-FOFB-01:EXCITE:DELTAS,[0. 0. 0. 0. 0. 0. 0. 0. 0. 0. 0. 0. 0. 0. 0. 0. 0. 0.],wfmo
4,cell_04_excite_prime,SR04A-CS-FOFB-01:EXCITE:PRIME,0,ao
4,cell_04_excite_start_times,SR04A-CS-FOFB-01:EXCITE:START_TIMES,[0. 0. 0. 0. 0. 0. 0. 0. 0. 0. 0. 0. 0. 0. 0. 0. 0. 0.],wfmo
4,cell_04_excite_ticks,SR04A-CS-FOFB-01:EXCITE:TICKS,[0. 0. 0. 0. 0. 0. 0. 0. 0. 0. 0. 0. 0. 0. 0. 0. 0. 0.],wfmo
5,bba_offset_x,SR01C-DI-EBPM-01:CF:BBA_X_S,0,ao
5,bba_offset_y,SR01C-DI-EBPM-01:CF:BBA_Y_S,0,ao
5,bcd_offset_x,SR01C-DI-EBPM-01:CF:BCD_X_S,0,ao
5,bcd_offset_y,SR01C-DI-EBPM-01:CF:BCD_Y_S,0,ao
5,cell_05_excite_amps,SR05A-CS-FOFB-01:EXCITE:AMPS,[0. 0. 0. 0. 0. 0. 0. 0. 0. 0. 0. 0. 0. 0. 0. 0. 0. 0.],wfmo
5,cell_05_excite_deltas,SR05A-CS-FOFB-01:EXCITE:DELTAS,[0. 0. 0. 0. 0. 0. 0. 0. 0. 0. 0. 0. 0. 0. 0. 0. 0. 0.],wfmo
5,cell_05_excite_prime,SR05A-CS-FOFB-01:EXCITE:PRIME,0,ao
5,cell_05_excite_start_times,SR05A-CS-FOFB-01:EXCITE:START_TIMES,[0. 0. 0. 0. 0. 0. 0. 0. 0. 0. 0. 0. 0. 0. 0. 0. 0. 0.],wfmo
5,cell_05_excite_ticks,SR05A-CS-FOFB-01:EXCITE:TICKS,[0. 0. 0. 0. 0. 0. 0. 0. 0. 0. 0. 0. 0. 0. 0. 0. 0. 0.],wfmo
5,golden_offset_x,SR01C-DI-EBPM-01:CF:GOLDEN_X_S,0,ao
5,golden_offset_y,SR01C-DI-EBPM-01:CF:GOLDEN_Y_S,0,ao
6,cell_06_excite_amps,SR06A-CS-FOFB-01:EXCITE:AMPS,[0. 0. 0. 0. 0. 0. 0. 0. 0. 0. 0. 0. 0. 0. 0. 0. 0. 0.],wfmo
6,cell_06_excite_deltas,SR06A-CS-FOFB-01:EXCITE:DELTAS,[0. 0. 0. 0. 0. 0. 0. 0. 0. 0. 0. 0. 0. 0. 0. 0. 0. 0.],wfmo
6,cell_06_excite_prime,SR06A-CS-FOFB-01:EXCITE:PRIME,0,ao
6,cell_06_excite_start_times,SR06A-CS-FOFB-01:EXCITE:START_TIMES,[0. 0. 0. 0. 0. 0. 0. 0. 0. 0. 0. 0. 0. 0. 0. 0. 0. 0.],wfmo
6,cell_06_excite_ticks,SR06A-CS-FOFB-01:EXCITE:TICKS,[0. 0. 0. 0. 0. 0. 0. 0. 0. 0. 0. 0. 0. 0. 0. 0. 0. 0.],wfmo
7,cell_07_excite_amps,SR07A-CS-FOFB-01:EXCITE:AMPS,[0. 0. 0. 0. 0. 0. 0. 0. 0. 0. 0. 0. 0. 0. 0. 0. 0. 0.],wfmo
7,cell_07_excite_deltas,SR07A-CS-FOFB-01:EXCITE:DELTAS,[0. 0. 0. 0. 0. 0. 0. 0. 0. 0. 0. 0. 0. 0. 0. 0. 0. 0.],wfmo
7,cell_07_excite_prime,SR07A-CS-FOFB-01:EXCITE:PRIME,0,ao
7,cell_07_excite_start_times,SR07A-CS-FOFB-01:EXCITE:START_TIMES,[0. 0. 0. 0. 0. 0. 0. 0. 0. 0. 0. 0. 0. 0. 0. 0. 0. 0.],wfmo
7,cell_07_excite_ticks,SR07A-CS-FOFB-01:EXCITE:TICKS,[0. 0. 0. 0. 0. 0. 0. 0. 0. 0. 0. 0. 0. 0. 0. 0. 0. 0.],wfmo
8,cell_08_excite_amps,SR08A-CS-FOFB-01:EXCITE:AMPS,[0. 0. 0. 0. 0. 0. 0. 0. 0. 0. 0. 0. 0. 0. 0. 0. 0. 0.],wfmo
8,cell_08_excite_deltas,SR08A-CS-FOFB-01:EXCITE:DELTAS,[0. 0. 0. 0. 0. 0. 0. 0. 0. 0. 0. 0. 0. 0. 0. 0. 0. 0.],wfmo
8,cell_08_excite_prime,SR08A-CS-FOFB-01:EXCITE:PRIME,0,ao
8,cell_08_excite_start_times,SR08A-CS-FOFB-01:EXCITE:START_TIMES,[0. 0. 0. 0. 0. 0. 0. 0. 0. 0. 0. 0. 0. 0. 0. 0. 0. 0.],wfmo
8,cell_08_excite_ticks,SR08A-CS-FOFB-01:EXCITE:TICKS,[0. 0. 0. 0. 0. 0. 0. 0. 0. 0. 0. 0. 0. 0. 0. 0. 0. 0.],wfmo
9,cell_09_excite_amps,SR09A-CS-FOFB-01:EXCITE:AMPS,[0. 0. 0. 0. 0. 0. 0. 0. 0. 0. 0. 0. 0. 0. 0. 0. 0. 0.],wfmo
9,cell_09_excite_deltas,SR09A-CS-FOFB-01:EXCITE:DELTAS,[0. 0. 0. 0. 0. 0. 0. 0. 0. 0. 0. 0. 0. 0. 0. 0. 0. 0.],wfmo
9,cell_09_excite_prime,SR09A-CS-FOFB-01:EXCITE:PRIME,0,ao
9,cell_09_excite_start_times,SR09A-CS-FOFB-01:EXCITE:START_TIMES,[0. 0. 0. 0. 0. 0. 0. 0. 0. 0. 0. 0. 0. 0. 0. 0. 0. 0.],wfmo
9,cell_09_excite_ticks,SR09A-CS-FOFB-01:EXCITE:TICKS,[0. 0. 0. 0. 0. 0. 0. 0. 0. 0. 0. 0. 0. 0. 0. 0. 0. 0.],wfmo
10,cell_10_excite_amps,SR10A-CS-FOFB-01:EXCITE:AMPS,[0. 0. 0. 0. 0. 0. 0. 0. 0. 0. 0. 0. 0. 0. 0. 0. 0. 0.],wfmo
10,cell_10_excite_deltas,SR10A-CS-FOFB-01:EXCITE:DELTAS,[0. 0. 0. 0. 0. 0. 0. 0. 0. 0. 0. 0. 0. 0. 0. 0. 0. 0.],wfmo
10,cell_10_excite_prime,SR10A-CS-FOFB-01:EXCITE:PRIME,0,ao
10,cell_10_excite_start_times,SR10A-CS-FOFB-01:EXCITE:START_TIMES,[0. 0. 0. 0. 0. 0. 0. 0. 0. 0. 0. 0. 0. 0. 0. 0. 0. 0.],wfmo
10,cell_10_excite_ticks,SR10A-CS-FOFB-01:EXCITE:TICKS,[0. 0. 0. 0. 0. 0. 0. 0. 0. 0. 0. 0. 0. 0. 0. 0. 0. 0.],wfmo
11,cell_11_excite_amps,SR11A-CS-FOFB-01:EXCITE:AMPS,[0. 0. 0. 0. 0. 0. 0. 0. 0. 0. 0. 0. 0. 0. 0. 0. 0. 0.],wfmo
11,cell_11_excite_deltas,SR11A-CS-FOFB-01:EXCITE:DELTAS,[0. 0. 0. 0. 0. 0. 0. 0. 0. 0. 0. 0. 0. 0. 0. 0. 0. 0.],wfmo
11,cell_11_excite_prime,SR11A-CS-FOFB-01:EXCITE:PRIME,0,ao
11,cell_11_excite_start_times,SR11A-CS-FOFB-01:EXCITE:START_TIMES,[0. 0. 0. 0. 0. 0. 0. 0. 0. 0. 0. 0. 0. 0. 0. 0. 0. 0.],wfmo
11,cell_11_excite_ticks,SR11A-CS-FOFB-01:EXCITE:TICKS,[0. 0. 0. 0. 0. 0. 0. 0. 0. 0. 0. 0. 0. 0. 0. 0. 0. 0.],wfmo
12,cell_12_excite_amps,SR12A-CS-FOFB-01:EXCITE:AMPS,[0. 0. 0. 0. 0. 0. 0. 0. 0. 0. 0. 0. 0. 0. 0. 0. 0. 0.],wfmo
12,cell_12_excite_deltas,SR12A-CS-FOFB-01:EXCITE:DELTAS,[0. 0. 0. 0. 0. 0. 0. 0. 0. 0. 0. 0. 0. 0. 0. 0. 0. 0.],wfmo
12,cell_12_excite_prime,SR12A-CS-FOFB-01:EXCITE:PRIME,0,ao
12,cell_12_excite_start_times,SR12A-CS-FOFB-01:EXCITE:START_TIMES,[0. 0. 0. 0. 0. 0. 0. 0. 0. 0. 0. 0. 0. 0. 0. 0. 0. 0.],wfmo
12,cell_12_excite_ticks,SR12A-CS-FOFB-01:EXCITE:TICKS,[0. 0. 0. 0. 0. 0. 0. 0. 0. 0. 0. 0. 0. 0. 0. 0. 0. 0.],wfmo
13,cell_13_excite_amps,SR13A-CS-FOFB-01:EXCITE:AMPS,[0. 0. 0. 0. 0. 0. 0. 0. 0. 0. 0. 0. 0. 0. 0. 0. 0. 0.],wfmo
13,cell_13_excite_deltas,SR13A-CS-FOFB-01:EXCITE:DELTAS,[0. 0. 0. 0. 0. 0. 0. 0. 0. 0. 0. 0. 0. 0. 0. 0. 0. 0.],wfmo
13,cell_13_excite_prime,SR13A-CS-FOFB-01:EXCITE:PRIME,0,ao
13,cell_13_excite_start_times,SR13A-CS-FOFB-01:EXCITE:START_TIMES,[0. 0. 0. 0. 0. 0. 0. 0. 0. 0. 0. 0. 0. 0. 0. 0. 0. 0.],wfmo
13,cell_13_excite_ticks,SR13A-CS-FOFB-01:EXCITE:TICKS,[0. 0. 0. 0. 0. 0. 0. 0. 0. 0. 0. 0. 0. 0. 0. 0. 0. 0.],wfmo
14,cell_14_excite_amps,SR14A-CS-FOFB-01:EXCITE:AMPS,[0. 0. 0. 0. 0. 0. 0. 0. 0. 0. 0. 0. 0. 0. 0. 0. 0. 0.],wfmo
14,cell_14_excite_deltas,SR14A-CS-FOFB-01:EXCITE:DELTAS,[0. 0. 0. 0. 0. 0. 0. 0. 0. 0. 0. 0. 0. 0. 0. 0. 0. 0.],wfmo
14,cell_14_excite_prime,SR14A-CS-FOFB-01:EXCITE:PRIME,0,ao
14,cell_14_excite_start_times,SR14A-CS-FOFB-01:EXCITE:START_TIMES,[0. 0. 0. 0. 0. 0. 0. 0. 0. 0. 0. 0. 0. 0. 0. 0. 0. 0.],wfmo
14,cell_14_excite_ticks,SR14A-CS-FOFB-01:EXCITE:TICKS,[0. 0. 0. 0. 0. 0. 0. 0. 0. 0. 0. 0. 0. 0. 0. 0. 0. 0.],wfmo
15,cell_15_excite_amps,SR15A-CS-FOFB-01:EXCITE:AMPS,[0. 0. 0. 0. 0. 0. 0. 0. 0. 0. 0. 0. 0. 0. 0. 0. 0. 0.],wfmo
15,cell_15_excite_deltas,SR15A-CS-FOFB-01:EXCITE:DELTAS,[0. 0. 0. 0. 0. 0. 0. 0. 0. 0. 0. 0. 0. 0. 0. 0. 0. 0.],wfmo
15,cell_15_excite_prime,SR15A-CS-FOFB-01:EXCITE:PRIME,0,ao
15,cell_15_excite_start_times,SR15A-CS-FOFB-01:EXCITE:START_TIMES,[0. 0. 0. 0. 0. 0. 0. 0. 0. 0. 0. 0. 0. 0. 0. 0. 0. 0.],wfmo
15,cell_15_excite_ticks,SR15A-CS-FOFB-01:EXCITE:TICKS,[0. 0. 0. 0. 0. 0. 0. 0. 0. 0. 0. 0. 0. 0. 0. 0. 0. 0.],wfmo
16,bba_offset_x,SR01C-DI-EBPM-02:CF:BBA_X_S,0,ao
16,bba_offset_y,SR01C-DI-EBPM-02:CF:BBA_Y_S,0,ao
16,bcd_offset_x,SR01C-DI-EBPM-02:CF:BCD_X_S,0,ao
16,bcd_offset_y,SR01C-DI-EBPM-02:CF:BCD_Y_S,0,ao
16,cell_16_excite_amps,SR16A-CS-FOFB-01:EXCITE:AMPS,[0. 0. 0. 0. 0. 0. 0. 0. 0. 0. 0. 0. 0. 0. 0. 0. 0. 0.],wfmo
16,cell_16_excite_deltas,SR16A-CS-FOFB-01:EXCITE:DELTAS,[0. 0. 0. 0. 0. 0. 0. 0. 0. 0. 0. 0. 0. 0. 0. 0. 0. 0.],wfmo
16,cell_16_excite_prime,SR16A-CS-FOFB-01:EXCITE:PRIME,0,ao
16,cell_16_excite_start_times,SR16A-CS-FOFB-01:EXCITE:START_TIMES,[0. 0. 0. 0. 0. 0. 0. 0. 0. 0. 0. 0. 0. 0. 0. 0. 0. 0.],wfmo
16,cell_16_excite_ticks,SR16A-CS-FOFB-01:EXCITE:TICKS,[0. 0. 0. 0. 0. 0. 0. 0. 0. 0. 0. 0. 0. 0. 0. 0. 0. 0.],wfmo
16,golden_offset_x,SR01C-DI-EBPM-02:CF:GOLDEN_X_S,0,ao
16,golden_offset_y,SR01C-DI-EBPM-02:CF:GOLDEN_Y_S,0,ao
17,cell_17_excite_amps,SR17A-CS-FOFB-01:EXCITE:AMPS,[0. 0. 0. 0. 0. 0. 0. 0. 0. 0. 0. 0. 0. 0. 0. 0. 0. 0.],wfmo
17,cell_17_excite_deltas,SR17A-CS-FOFB-01:EXCITE:DELTAS,[0. 0. 0. 0. 0. 0. 0. 0. 0. 0. 0. 0. 0. 0. 0. 0. 0. 0.],wfmo
17,cell_17_excite_prime,SR17A-CS-FOFB-01:EXCITE:PRIME,0,ao
17,cell_17_excite_start_times,SR17A-CS-FOFB-01:EXCITE:START_TIMES,[0. 0. 0. 0. 0. 0. 0. 0. 0. 0. 0. 0. 0. 0. 0. 0. 0. 0.],wfmo
17,cell_17_excite_ticks,SR17A-CS-FOFB-01:EXCITE:TICKS,[0. 0. 0. 0. 0. 0. 0. 0. 0. 0. 0. 0. 0. 0. 0. 0. 0. 0.],wfmo
18,cell_18_excite_amps,SR18A-CS-FOFB-01:EXCITE:AMPS,[0. 0. 0. 0. 0. 0. 0. 0. 0. 0. 0. 0. 0. 0. 0. 0. 0. 0.],wfmo
18,cell_18_excite_deltas,SR18A-CS-FOFB-01:EXCITE:DELTAS,[0. 0. 0. 0. 0. 0. 0. 0. 0. 0. 0. 0. 0. 0. 0. 0. 0. 0.],wfmo
18,cell_18_excite_prime,SR18A-CS-FOFB-01:EXCITE:PRIME,0,ao
18,cell_18_excite_start_times,SR18A-CS-FOFB-01:EXCITE:START_TIMES,[0. 0. 0. 0. 0. 0. 0. 0. 0. 0. 0. 0. 0. 0. 0. 0. 0. 0.],wfmo
18,cell_18_excite_ticks,SR18A-CS-FOFB-01:EXCITE:TICKS,[0. 0. 0. 0. 0. 0. 0. 0. 0. 0. 0. 0. 0. 0. 0. 0. 0. 0.],wfmo
19,cell_19_excite_amps,SR19A-CS-FOFB-01:EXCITE:AMPS,[0. 0. 0. 0. 0. 0. 0. 0. 0. 0. 0. 0. 0. 0. 0. 0. 0. 0.],wfmo
19,cell_19_excite_deltas,SR19A-CS-FOFB-01:EXCITE:DELTAS,[0. 0. 0. 0. 0. 0. 0. 0. 0. 0. 0. 0. 0. 0. 0. 0. 0. 0.],wfmo
19,cell_19_excite_prime,SR19A-CS-FOFB-01:EXCITE:PRIME,0,ao
19,cell_19_excite_start_times,SR19A-CS-FOFB-01:EXCITE:START_TIMES,[0. 0. 0. 0. 0. 0. 0. 0. 0. 0. 0. 0. 0. 0. 0. 0. 0. 0.],wfmo
19,cell_19_excite_ticks,SR19A-CS-FOFB-01:EXCITE:TICKS,[0. 0. 0. 0. 0. 0. 0. 0. 0. 0. 0. 0. 0. 0. 0. 0. 0. 0.],wfmo
20,cell_20_excite_amps,SR20A-CS-FOFB-01:EXCITE:AMPS,[0. 0. 0. 0. 0. 0. 0. 0. 0. 0. 0. 0. 0. 0. 0. 0. 0. 0.],wfmo
20,cell_20_excite_deltas,SR20A-CS-FOFB-01:EXCITE:DELTAS,[0. 0. 0. 0. 0. 0. 0. 0. 0. 0. 0. 0. 0. 0. 0. 0. 0. 0.],wfmo
20,cell_20_excite_prime,SR20A-CS-FOFB-01:EXCITE:PRIME,0,ao
20,cell_20_excite_start_times,SR20A-CS-FOFB-01:EXCITE:START_TIMES,[0. 0. 0. 0. 0. 0. 0. 0. 0. 0. 0. 0. 0. 0. 0. 0. 0. 0.],wfmo
20,cell_20_excite_ticks,SR20A-CS-FOFB-01:EXCITE:TICKS,[0. 0. 0. 0. 0. 0. 0. 0. 0. 0. 0. 0. 0. 0. 0. 0. 0. 0.],wfmo
21,cell_21_excite_amps,SR21A-CS-FOFB-01:EXCITE:AMPS,[0. 0. 0. 0. 0. 0. 0. 0. 0. 0. 0. 0. 0. 0. 0. 0. 0. 0.],wfmo
21,cell_21_excite_deltas,SR21A-CS-FOFB-01:EXCITE:DELTAS,[0. 0. 0. 0. 0. 0. 0. 0. 0. 0. 0. 0. 0. 0. 0. 0. 0. 0.],wfmo
21,cell_21_excite_prime,SR21A-CS-FOFB-01:EXCITE:PRIME,0,ao
21,cell_21_excite_start_times,SR21A-CS-FOFB-01:EXCITE:START_TIMES,[0. 0. 0. 0. 0. 0. 0. 0. 0. 0. 0. 0. 0. 0. 0. 0. 0. 0.],wfmo
21,cell_21_excite_ticks,SR21A-CS-FOFB-01:EXCITE:TICKS,[0. 0. 0. 0. 0. 0. 0. 0. 0. 0. 0. 0. 0. 0. 0. 0. 0. 0.],wfmo
22,cell_22_excite_amps,SR22A-CS-FOFB-01:EXCITE:AMPS,[0. 0. 0. 0. 0. 0. 0. 0. 0. 0. 0. 0. 0. 0. 0. 0. 0. 0.],wfmo
22,cell_22_excite_deltas,SR22A-CS-FOFB-01:EXCITE:DELTAS,[0. 0. 0. 0. 0. 0. 0. 0. 0. 0. 0. 0. 0. 0. 0. 0. 0. 0.],wfmo
22,cell_22_excite_prime,SR22A-CS-FOFB-01:EXCITE:PRIME,0,ao
22,cell_22_excite_start_times,SR22A-CS-FOFB-01:EXCITE:START_TIMES,[0. 0. 0. 0. 0. 0. 0. 0. 0. 0. 0. 0. 0. 0. 0. 0. 0. 0.],wfmo
22,cell_22_excite_ticks,SR22A-CS-FOFB-01:EXCITE:TICKS,[0. 0. 0. 0. 0. 0. 0. 0. 0. 0. 0. 0. 0. 0. 0. 0. 0. 0.],wfmo
23,cell_23_excite_amps,SR23A-CS-FOFB-01:EXCITE:AMPS,[0. 0. 0. 0. 0. 0. 0. 0. 0. 0. 0. 0. 0. 0. 0. 0. 0. 0.],wfmo
23,cell_23_excite_deltas,SR23A-CS-FOFB-01:EXCITE:DELTAS,[0. 0. 0. 0. 0. 0. 0. 0. 0. 0. 0. 0. 0. 0. 0. 0. 0. 0.],wfmo
23,cell_23_excite_prime,SR23A-CS-FOFB-01:EXCITE:PRIME,0,ao
23,cell_23_excite_start_times,SR23A-CS-FOFB-01:EXCITE:START_TIMES,[0. 0. 0. 0. 0. 0. 0. 0. 0. 0. 0. 0. 0. 0. 0. 0. 0. 0.],wfmo
23,cell_23_excite_ticks,SR23A-CS-FOFB-01:EXCITE:TICKS,[0. 0. 0. 0. 0. 0. 0. 0. 0. 0. 0. 0. 0. 0. 0. 0. 0. 0.],wfmo
24,cell_24_excite_amps,SR24A-CS-FOFB-01:EXCITE:AMPS,[0. 0. 0. 0. 0. 0. 0. 0. 0. 0. 0. 0. 0. 0. 0. 0. 0. 0.],wfmo
24,cell_24_excite_deltas,SR24A-CS-FOFB-01:EXCITE:DELTAS,[0. 0. 0. 0. 0. 0. 0. 0. 0. 0. 0. 0. 0. 0. 0. 0. 0. 0.],wfmo
24,cell_24_excite_prime,SR24A-CS-FOFB-01:EXCITE:PRIME,0,ao
24,cell_24_excite_start_times,SR24A-CS-FOFB-01:EXCITE:START_TIMES,[0. 0. 0. 0. 0. 0. 0. 0. 0. 0. 0. 0. 0. 0. 0. 0. 0. 0.],wfmo
24,cell_24_excite_ticks,SR24A-CS-FOFB-01:EXCITE:TICKS,[0. 0. 0. 0. 0. 0. 0. 0. 0. 0. 0. 0. 0. 0. 0. 0. 0. 0.],wfmo
33,bba_offset_x,SR01C-DI-EBPM-03:CF:BBA_X_S,0,ao
33,bba_offset_y,SR01C-DI-EBPM-03:CF:BBA_Y_S,0,ao
33,bcd_offset_x,SR01C-DI-EBPM-03:CF:BCD_X_S,0,ao
33,bcd_offset_y,SR01C-DI-EBPM-03:CF:BCD_Y_S,0,ao
33,golden_offset_x,SR01C-DI-EBPM-03:CF:GOLDEN_X_S,0,ao
33,golden_offset_y,SR01C-DI-EBPM-03:CF:GOLDEN_Y_S,0,ao
43,bba_offset_x,SR01C-DI-EBPM-04:CF:BBA_X_S,0,ao
43,bba_offset_y,SR01C-DI-EBPM-04:CF:BBA_Y_S,0,ao
43,bcd_offset_x,SR01C-DI-EBPM-04:CF:BCD_X_S,0,ao
43,bcd_offset_y,SR01C-DI-EBPM-04:CF:BCD_Y_S,0,ao
43,golden_offset_x,SR01C-DI-EBPM-04:CF:GOLDEN_X_S,0,ao
43,golden_offset_y,SR01C-DI-EBPM-04:CF:GOLDEN_Y_S,0,ao
63,bba_offset_x,SR01C-DI-EBPM-05:CF:BBA_X_S,0,ao
63,bba_offset_y,SR01C-DI-EBPM-05:CF:BBA_Y_S,0,ao
63,bcd_offset_x,SR01C-DI-EBPM-05:CF:BCD_X_S,0,ao
63,bcd_offset_y,SR01C-DI-EBPM-05:CF:BCD_Y_S,0,ao
63,golden_offset_x,SR01C-DI-EBPM-05:CF:GOLDEN_X_S,0,ao
63,golden_offset_y,SR01C-DI-EBPM-05:CF:GOLDEN_Y_S,0,ao
74,bba_offset_x,SR01C-DI-EBPM-06:CF:BBA_X_S,0,ao
74,bba_offset_y,SR01C-DI-EBPM-06:CF:BBA_Y_S,0,ao
74,bcd_offset_x,SR01C-DI-EBPM-06:CF:BCD_X_S,0,ao
74,bcd_offset_y,SR01C-DI-EBPM-06:CF:BCD_Y_S,0,ao
74,golden_offset_x,SR01C-DI-EBPM-06:CF:GOLDEN_X_S,0,ao
74,golden_offset_y,SR01C-DI-EBPM-06:CF:GOLDEN_Y_S,0,ao
81,bba_offset_x,SR01C-DI-EBPM-07:CF:BBA_X_S,0,ao
81,bba_offset_y,SR01C-DI-EBPM-07:CF:BBA_Y_S,0,ao
81,bcd_offset_x,SR01C-DI-EBPM-07:CF:BCD_X_S,0,ao
81,bcd_offset_y,SR01C-DI-EBPM-07:CF:BCD_Y_S,0,ao
81,golden_offset_x,SR01C-DI-EBPM-07:CF:GOLDEN_X_S,0,ao
81,golden_offset_y,SR01C-DI-EBPM-07:CF:GOLDEN_Y_S,0,ao
95,bba_offset_x,SR01C-DI-EBPM-08:CF:BBA_X_S,0,ao
95,bba_offset_y,SR01C-DI-EBPM-08:CF:BBA_Y_S,0,ao
95,bcd_offset_x,SR01C-DI-EBPM-08:CF:BCD_X_S,0,ao
95,bcd_offset_y,SR01C-DI-EBPM-08:CF:BCD_Y_S,0,ao
95,golden_offset_x,SR01C-DI-EBPM-08:CF:GOLDEN_X_S,0,ao
95,golden_offset_y,SR01C-DI-EBPM-08:CF:GOLDEN_Y_S,0,ao
109,bba_offset_x,SR01C-DI-EBPM-09:CF:BBA_X_S,0,ao
109,bba_offset_y,SR01C-DI-EBPM-09:CF:BBA_Y_S,0,ao
109,bcd_offset_x,SR01C-DI-EBPM-09:CF:BCD_X_S,0,ao
109,bcd_offset_y,SR01C-DI-EBPM-09:CF:BCD_Y_S,0,ao
109,golden_offset_x,SR01C-DI-EBPM-09:CF:GOLDEN_X_S,0,ao
109,golden_offset_y,SR01C-DI-EBPM-09:CF:GOLDEN_Y_S,0,ao
125,bba_offset_x,SR01C-DI-EBPM-10:CF:BBA_X_S,0,ao
125,bba_offset_y,SR01C-DI-EBPM-10:CF:BBA_Y_S,0,ao
125,bcd_offset_x,SR01C-DI-EBPM-10:CF:BCD_X_S,0,ao
125,bcd_offset_y,SR01C-DI-EBPM-10:CF:BCD_Y_S,0,ao
125,golden_offset_x,SR01C-DI-EBPM-10:CF:GOLDEN_X_S,0,ao
125,golden_offset_y,SR01C-DI-EBPM-10:CF:GOLDEN_Y_S,0,ao
144,bba_offset_x,SR01C-DI-EBPM-11:CF:BBA_X_S,0,ao
144,bba_offset_y,SR01C-DI-EBPM-11:CF:BBA_Y_S,0,ao
144,bcd_offset_x,SR01C-DI-EBPM-11:CF:BCD_X_S,0,ao
144,bcd_offset_y,SR01C-DI-EBPM-11:CF:BCD_Y_S,0,ao
144,golden_offset_x,SR01C-DI-EBPM-11:CF:GOLDEN_X_S,0,ao
144,golden_offset_y,SR01C-DI-EBPM-11:CF:GOLDEN_Y_S,0,ao
172,bba_offset_x,SR02C-DI-EBPM-01:CF:BBA_X_S,0,ao
172,bba_offset_y,SR02C-DI-EBPM-01:CF:BBA_Y_S,0,ao
172,bcd_offset_x,SR02C-DI-EBPM-01:CF:BCD_X_S,0,ao
172,bcd_offset_y,SR02C-DI-EBPM-01:CF:BCD_Y_S,0,ao
172,golden_offset_x,SR02C-DI-EBPM-01:CF:GOLDEN_X_S,0,ao
172,golden_offset_y,SR02C-DI-EBPM-01:CF:GOLDEN_Y_S,0,ao
194,bba_offset_x,SR02C-DI-EBPM-02:CF:BBA_X_S,0,ao
194,bba_offset_y,SR02C-DI-EBPM-02:CF:BBA_Y_S,0,ao
194,bcd_offset_x,SR02C-DI-EBPM-02:CF:BCD_X_S,0,ao
194,bcd_offset_y,SR02C-DI-EBPM-02:CF:BCD_Y_S,0,ao
194,golden_offset_x,SR02C-DI-EBPM-02:CF:GOLDEN_X_S,0,ao
194,golden_offset_y,SR02C-DI-EBPM-02:CF:GOLDEN_Y_S,0,ao
204,bba_offset_x,SR02C-DI-EBPM-03:CF:BBA_X_S,0,ao
204,bba_offset_y,SR02C-DI-EBPM-03:CF:BBA_Y_S,0,ao
204,bcd_offset_x,SR02C-DI-EBPM-03:CF:BCD_X_S,0,ao
204,bcd_offset_y,SR02C-DI-EBPM-03:CF:BCD_Y_S,0,ao
204,golden_offset_x,SR02C-DI-EBPM-03:CF:GOLDEN_X_S,0,ao
204,golden_offset_y,SR02C-DI-EBPM-03:CF:GOLDEN_Y_S,0,ao
224,bba_offset_x,SR02C-DI-EBPM-04:CF:BBA_X_S,0,ao
224,bba_offset_y,SR02C-DI-EBPM-04:CF:BBA_Y_S,0,ao
224,bcd_offset_x,SR02C-DI-EBPM-04:CF:BCD_X_S,0,ao
224,bcd_offset_y,SR02C-DI-EBPM-04:CF:BCD_Y_S,0,ao
224,golden_offset_x,SR02C-DI-EBPM-04:CF:GOLDEN_X_S,0,ao
224,golden_offset_y,SR02C-DI-EBPM-04:CF:GOLDEN_Y_S,0,ao
235,bba_offset_x,SR02C-DI-EBPM-05:CF:BBA_X_S,0,ao
235,bba_offset_y,SR02C-DI-EBPM-05:CF:BBA_Y_S,0,ao
235,bcd_offset_x,SR02C-DI-EBPM-05:CF:BCD_X_S,0,ao
235,bcd_offset_y,SR02C-DI-EBPM-05:CF:BCD_Y_S,0,ao
235,golden_offset_x,SR02C-DI-EBPM-05:CF:GOLDEN_X_S,0,ao
235,golden_offset_y,SR02C-DI-EBPM-05:CF:GOLDEN_Y_S,0,ao
251,bba_offset_x,SR02C-DI-EBPM-06:CF:BBA_X_S,0,ao
251,bba_offset_y,SR02C-DI-EBPM-06:CF:BBA_Y_S,0,ao
251,bcd_offset_x,SR02C-DI-EBPM-06:CF:BCD_X_S,0,ao
251,bcd_offset_y,SR02C-DI-EBPM-06:CF:BCD_Y_S,0,ao
251,golden_offset_x,SR02C-DI-EBPM-06:CF:GOLDEN_X_S,0,ao
251,golden_offset_y,SR02C-DI-EBPM-06:CF:GOLDEN_Y_S,0,ao
265,bba_offset_x,SR02C-DI-EBPM-07:CF:BBA_X_S,0,ao
265,bba_offset_y,SR02C-DI-EBPM-07:CF:BBA_Y_S,0,ao
265,bcd_offset_x,SR02C-DI-EBPM-07:CF:BCD_X_S,0,ao
265,bcd_offset_y,SR02C-DI-EBPM-07:CF:BCD_Y_S,0,ao
265,golden_offset_x,SR02C-DI-EBPM-07:CF:GOLDEN_X_S,0,ao
265,golden_offset_y,SR02C-DI-EBPM-07:CF:GOLDEN_Y_S,0,ao
279,bba_offset_x,SR02C-DI-EBPM-08:CF:BBA_X_S,0,ao
279,bba_offset_y,SR02C-DI-EBPM-08:CF:BBA_Y_S,0,ao
279,bcd_offset_x,SR02C-DI-EBPM-08:CF:BCD_X_S,0,ao
279,bcd_offset_y,SR02C-DI-EBPM-08:CF:BCD_Y_S,0,ao
279,golden_offset_x,SR02C-DI-EBPM-08:CF:GOLDEN_X_S,0,ao
279,golden_offset_y,SR02C-DI-EBPM-08:CF:GOLDEN_Y_S,0,ao
295,bba_offset_x,SR02C-DI-EBPM-09:CF:BBA_X_S,0,ao
295,bba_offset_y,SR02C-DI-EBPM-09:CF:BBA_Y_S,0,ao
295,bcd_offset_x,SR02C-DI-EBPM-09:CF:BCD_X_S,0,ao
295,bcd_offset_y,SR02C-DI-EBPM-09:CF:BCD_Y_S,0,ao
295,golden_offset_x,SR02C-DI-EBPM-09:CF:GOLDEN_X_S,0,ao
295,golden_offset_y,SR02C-DI-EBPM-09:CF:GOLDEN_Y_S,0,ao
314,bba_offset_x,SR02C-DI-EBPM-10:CF:BBA_X_S,0,ao
314,bba_offset_y,SR02C-DI-EBPM-10:CF:BBA_Y_S,0,ao
314,bcd_offset_x,SR02C-DI-EBPM-10:CF:BCD_X_S,0,ao
314,bcd_offset_y,SR02C-DI-EBPM-10:CF:BCD_Y_S,0,ao
314,golden_offset_x,SR02C-DI-EBPM-10:CF:GOLDEN_X_S,0,ao
314,golden_offset_y,SR02C-DI-EBPM-10:CF:GOLDEN_Y_S,0,ao
342,bba_offset_x,SR03C-DI-EBPM-01:CF:BBA_X_S,0,ao
342,bba_offset_y,SR03C-DI-EBPM-01:CF:BBA_Y_S,0,ao
342,bcd_offset_x,SR03C-DI-EBPM-01:CF:BCD_X_S,0,ao
342,bcd_offset_y,SR03C-DI-EBPM-01:CF:BCD_Y_S,0,ao
342,golden_offset_x,SR03C-DI-EBPM-01:CF:GOLDEN_X_S,0,ao
342,golden_offset_y,SR03C-DI-EBPM-01:CF:GOLDEN_Y_S,0,ao
364,bba_offset_x,SR03C-DI-EBPM-02:CF:BBA_X_S,0,ao
364,bba_offset_y,SR03C-DI-EBPM-02:CF:BBA_Y_S,0,ao
364,bcd_offset_x,SR03C-DI-EBPM-02:CF:BCD_X_S,0,ao
364,bcd_offset_y,SR03C-DI-EBPM-02:CF:BCD_Y_S,0,ao
364,golden_offset_x,SR03C-DI-EBPM-02:CF:GOLDEN_X_S,0,ao
364,golden_offset_y,SR03C-DI-EBPM-02:CF:GOLDEN_Y_S,0,ao
374,bba_offset_x,SR03C-DI-EBPM-03:CF:BBA_X_S,0,ao
374,bba_offset_y,SR03C-DI-EBPM-03:CF:BBA_Y_S,0,ao
374,bcd_offset_x,SR03C-DI-EBPM-03:CF:BCD_X_S,0,ao
374,bcd_offset_y,SR03C-DI-EBPM-03:CF:BCD_Y_S,0,ao
374,golden_offset_x,SR03C-DI-EBPM-03:CF:GOLDEN_X_S,0,ao
374,golden_offset_y,SR03C-DI-EBPM-03:CF:GOLDEN_Y_S,0,ao
394,bba_offset_x,SR03C-DI-EBPM-04:CF:BBA_X_S,0,ao
394,bba_offset_y,SR03C-DI-EBPM-04:CF:BBA_Y_S,0,ao
394,bcd_offset_x,SR03C-DI-EBPM-04:CF:BCD_X_S,0,ao
394,bcd_offset_y,SR03C-DI-EBPM-04:CF:BCD_Y_S,0,ao
394,golden_offset_x,SR03C-DI-EBPM-04:CF:GOLDEN_X_S,0,ao
394,golden_offset_y,SR03C-DI-EBPM-04:CF:GOLDEN_Y_S,0,ao
405,bba_offset_x,SR03C-DI-EBPM-05:CF:BBA_X_S,0,ao
405,bba_offset_y,SR03C-DI-EBPM-05:CF:BBA_Y_S,0,ao
405,bcd_offset_x,SR03C-DI-EBPM-05:CF:BCD_X_S,0,ao
405,bcd_offset_y,SR03C-DI-EBPM-05:CF:BCD_Y_S,0,ao
405,golden_offset_x,SR03C-DI-EBPM-05:CF:GOLDEN_X_S,0,ao
405,golden_offset_y,SR03C-DI-EBPM-05:CF:GOLDEN_Y_S,0,ao
412,bba_offset_x,SR03C-DI-EBPM-06:CF:BBA_X_S,0,ao
412,bba_offset_y,SR03C-DI-EBPM-06:CF:BBA_Y_S,0,ao
412,bcd_offset_x,SR03C-DI-EBPM-06:CF:BCD_X_S,0,ao
412,bcd_offset_y,SR03C-DI-EBPM-06:CF:BCD_Y_S,0,ao
412,golden_offset_x,SR03C-DI-EBPM-06:CF:GOLDEN_X_S,0,ao
412,golden_offset_y,SR03C-DI-EBPM-06:CF:GOLDEN_Y_S,0,ao
426,bba_offset_x,SR03C-DI-EBPM-07:CF:BBA_X_S,0,ao
426,bba_offset_y,SR03C-DI-EBPM-07:CF:BBA_Y_S,0,ao
426,bcd_offset_x,SR03C-DI-EBPM-07:CF:BCD_X_S,0,ao
426,bcd_offset_y,SR03C-DI-EBPM-07:CF:BCD_Y_S,0,ao
426,golden_offset_x,SR03C-DI-EBPM-07:CF:GOLDEN_X_S,0,ao
426,golden_offset_y,SR03C-DI-EBPM-07:CF:GOLDEN_Y_S,0,ao
440,bba_offset_x,SR03C-DI-EBPM-08:CF:BBA_X_S,0,ao
440,bba_offset_y,SR03C-DI-EBPM-08:CF:BBA_Y_S,0,ao
440,bcd_offset_x,SR03C-DI-EBPM-08:CF:BCD_X_S,0,ao
440,bcd_offset_y,SR03C-DI-EBPM-08:CF:BCD_Y_S,0,ao
440,golden_offset_x,SR03C-DI-EBPM-08:CF:GOLDEN_X_S,0,ao
440,golden_offset_y,SR03C-DI-EBPM-08:CF:GOLDEN_Y_S,0,ao
456,bba_offset_x,SR03C-DI-EBPM-09:CF:BBA_X_S,0,ao
456,bba_offset_y,SR03C-DI-EBPM-09:CF:BBA_Y_S,0,ao
456,bcd_offset_x,SR03C-DI-EBPM-09:CF:BCD_X_S,0,ao
456,bcd_offset_y,SR03C-DI-EBPM-09:CF:BCD_Y_S,0,ao
456,golden_offset_x,SR03C-DI-EBPM-09:CF:GOLDEN_X_S,0,ao
456,golden_offset_y,SR03C-DI-EBPM-09:CF:GOLDEN_Y_S,0,ao
475,bba_offset_x,SR03C-DI-EBPM-10:CF:BBA_X_S,0,ao
475,bba_offset_y,SR03C-DI-EBPM-10:CF:BBA_Y_S,0,ao
475,bcd_offset_x,SR03C-DI-EBPM-10:CF:BCD_X_S,0,ao
475,bcd_offset_y,SR03C-DI-EBPM-10:CF:BCD_Y_S,0,ao
475,golden_offset_x,SR03C-DI-EBPM-10:CF:GOLDEN_X_S,0,ao
475,golden_offset_y,SR03C-DI-EBPM-10:CF:GOLDEN_Y_S,0,ao
503,bba_offset_x,SR04C-DI-EBPM-01:CF:BBA_X_S,0,ao
503,bba_offset_y,SR04C-DI-EBPM-01:CF:BBA_Y_S,0,ao
503,bcd_offset_x,SR04C-DI-EBPM-01:CF:BCD_X_S,0,ao
503,bcd_offset_y,SR04C-DI-EBPM-01:CF:BCD_Y_S,0,ao
503,golden_offset_x,SR04C-DI-EBPM-01:CF:GOLDEN_X_S,0,ao
503,golden_offset_y,SR04C-DI-EBPM-01:CF:GOLDEN_Y_S,0,ao
525,bba_offset_x,SR04C-DI-EBPM-02:CF:BBA_X_S,0,ao
525,bba_offset_y,SR04C-DI-EBPM-02:CF:BBA_Y_S,0,ao
525,bcd_offset_x,SR04C-DI-EBPM-02:CF:BCD_X_S,0,ao
525,bcd_offset_y,SR04C-DI-EBPM-02:CF:BCD_Y_S,0,ao
525,golden_offset_x,SR04C-DI-EBPM-02:CF:GOLDEN_X_S,0,ao
525,golden_offset_y,SR04C-DI-EBPM-02:CF:GOLDEN_Y_S,0,ao
535,bba_offset_x,SR04C-DI-EBPM-03:CF:BBA_X_S,0,ao
535,bba_offset_y,SR04C-DI-EBPM-03:CF:BBA_Y_S,0,ao
535,bcd_offset_x,SR04C-DI-EBPM-03:CF:BCD_X_S,0,ao
535,bcd_offset_y,SR04C-DI-EBPM-03:CF:BCD_Y_S,0,ao
535,golden_offset_x,SR04C-DI-EBPM-03:CF:GOLDEN_X_S,0,ao
535,golden_offset_y,SR04C-DI-EBPM-03:CF:GOLDEN_Y_S,0,ao
555,bba_offset_x,SR04C-DI-EBPM-04:CF:BBA_X_S,0,ao
555,bba_offset_y,SR04C-DI-EBPM-04:CF:BBA_Y_S,0,ao
555,bcd_offset_x,SR04C-DI-EBPM-04:CF:BCD_X_S,0,ao
555,bcd_offset_y,SR04C-DI-EBPM-04:CF:BCD_Y_S,0,ao
555,golden_offset_x,SR04C-DI-EBPM-04:CF:GOLDEN_X_S,0,ao
555,golden_offset_y,SR04C-DI-EBPM-04:CF:GOLDEN_Y_S,0,ao
566,bba_offset_x,SR04C-DI-EBPM-05:CF:BBA_X_S,0,ao
566,bba_offset_y,SR04C-DI-EBPM-05:CF:BBA_Y_S,0,ao
566,bcd_offset_x,SR04C-DI-EBPM-05:CF:BCD_X_S,0,ao
566,bcd_offset_y,SR04C-DI-EBPM-05:CF:BCD_Y_S,0,ao
566,golden_offset_x,SR04C-DI-EBPM-05:CF:GOLDEN_X_S,0,ao
566,golden_offset_y,SR04C-DI-EBPM-05:CF:GOLDEN_Y_S,0,ao
582,bba_offset_x,SR04C-DI-EBPM-06:CF:BBA_X_S,0,ao
582,bba_offset_y,SR04C-DI-EBPM-06:CF:BBA_Y_S,0,ao
582,bcd_offset_x,SR04C-DI-EBPM-06:CF:BCD_X_S,0,ao
582,bcd_offset_y,SR04C-DI-EBPM-06:CF:BCD_Y_S,0,ao
582,golden_offset_x,SR04C-DI-EBPM-06:CF:GOLDEN_X_S,0,ao
582,golden_offset_y,SR04C-DI-EBPM-06:CF:GOLDEN_Y_S,0,ao
596,bba_offset_x,SR04C-DI-EBPM-07:CF:BBA_X_S,0,ao
596,bba_offset_y,SR04C-DI-EBPM-07:CF:BBA_Y_S,0,ao
596,bcd_offset_x,SR04C-DI-EBPM-07:CF:BCD_X_S,0,ao
596,bcd_offset_y,SR04C-DI-EBPM-07:CF:BCD_Y_S,0,ao
596,golden_offset_x,SR04C-DI-EBPM-07:CF:GOLDEN_X_S,0,ao
596,golden_offset_y,SR04C-DI-EBPM-07:CF:GOLDEN_Y_S,0,ao
610,bba_offset_x,SR04C-DI-EBPM-08:CF:BBA_X_S,0,ao
610,bba_offset_y,SR04C-DI-EBPM-08:CF:BBA_Y_S,0,ao
610,bcd_offset_x,SR04C-DI-EBPM-08:CF:BCD_X_S,0,ao
610,bcd_offset_y,SR04C-DI-EBPM-08:CF:BCD_Y_S,0,ao
610,golden_offset_x,SR04C-DI-EBPM-08:CF:GOLDEN_X_S,0,ao
610,golden_offset_y,SR04C-DI-EBPM-08:CF:GOLDEN_Y_S,0,ao
626,bba_offset_x,SR04C-DI-EBPM-09:CF:BBA_X_S,0,ao
626,bba_offset_y,SR04C-DI-EBPM-09:CF:BBA_Y_S,0,ao
626,bcd_offset_x,SR04C-DI-EBPM-09:CF:BCD_X_S,0,ao
626,bcd_offset_y,SR04C-DI-EBPM-09:CF:BCD_Y_S,0,ao
626,golden_offset_x,SR04C-DI-EBPM-09:CF:GOLDEN_X_S,0,ao
626,golden_offset_y,SR04C-DI-EBPM-09:CF:GOLDEN_Y_S,0,ao
640,bba_offset_x,SR04C-DI-EBPM-10:CF:BBA_X_S,0,ao
640,bba_offset_y,SR04C-DI-EBPM-10:CF:BBA_Y_S,0,ao
640,bcd_offset_x,SR04C-DI-EBPM-10:CF:BCD_X_S,0,ao
640,bcd_offset_y,SR04C-DI-EBPM-10:CF:BCD_Y_S,0,ao
640,golden_offset_x,SR04C-DI-EBPM-10:CF:GOLDEN_X_S,0,ao
640,golden_offset_y,SR04C-DI-EBPM-10:CF:GOLDEN_Y_S,0,ao
651,bba_offset_x,SR04C-DI-EBPM-11:CF:BBA_X_S,0,ao
651,bba_offset_y,SR04C-DI-EBPM-11:CF:BBA_Y_S,0,ao
651,bcd_offset_x,SR04C-DI-EBPM-11:CF:BCD_X_S,0,ao
651,bcd_offset_y,SR04C-DI-EBPM-11:CF:BCD_Y_S,0,ao
651,golden_offset_x,SR04C-DI-EBPM-11:CF:GOLDEN_X_S,0,ao
651,golden_offset_y,SR04C-DI-EBPM-11:CF:GOLDEN_Y_S,0,ao
663,bba_offset_x,SR05C-DI-EBPM-01:CF:BBA_X_S,0,ao
663,bba_offset_y,SR05C-DI-EBPM-01:CF:BBA_Y_S,0,ao
663,bcd_offset_x,SR05C-DI-EBPM-01:CF:BCD_X_S,0,ao
663,bcd_offset_y,SR05C-DI-EBPM-01:CF:BCD_Y_S,0,ao
663,golden_offset_x,SR05C-DI-EBPM-01:CF:GOLDEN_X_S,0,ao
663,golden_offset_y,SR05C-DI-EBPM-01:CF:GOLDEN_Y_S,0,ao
674,bba_offset_x,SR05C-DI-EBPM-02:CF:BBA_X_S,0,ao
674,bba_offset_y,SR05C-DI-EBPM-02:CF:BBA_Y_S,0,ao
674,bcd_offset_x,SR05C-DI-EBPM-02:CF:BCD_X_S,0,ao
674,bcd_offset_y,SR05C-DI-EBPM-02:CF:BCD_Y_S,0,ao
674,golden_offset_x,SR05C-DI-EBPM-02:CF:GOLDEN_X_S,0,ao
674,golden_offset_y,SR05C-DI-EBPM-02:CF:GOLDEN_Y_S,0,ao
691,bba_offset_x,SR05C-DI-EBPM-03:CF:BBA_X_S,0,ao
691,bba_offset_y,SR05C-DI-EBPM-03:CF:BBA_Y_S,0,ao
691,bcd_offset_x,SR05C-DI-EBPM-03:CF:BCD_X_S,0,ao
691,bcd_offset_y,SR05C-DI-EBPM-03:CF:BCD_Y_S,0,ao
691,golden_offset_x,SR05C-DI-EBPM-03:CF:GOLDEN_X_S,0,ao
691,golden_offset_y,SR05C-DI-EBPM-03:CF:GOLDEN_Y_S,0,ao
701,bba_offset_x,SR05C-DI-EBPM-04:CF:BBA_X_S,0,ao
701,bba_offset_y,SR05C-DI-EBPM-04:CF:BBA_Y_S,0,ao
701,bcd_offset_x,SR05C-DI-EBPM-04:CF:BCD_X_S,0,ao
701,bcd_offset_y,SR05C-DI-EBPM-04:CF:BCD_Y_S,0,ao
701,golden_offset_x,SR05C-DI-EBPM-04:CF:GOLDEN_X_S,0,ao
701,golden_offset_y,SR05C-DI-EBPM-04:CF:GOLDEN_Y_S,0,ao
721,bba_offset_x,SR05C-DI-EBPM-05:CF:BBA_X_S,0,ao
721,bba_offset_y,SR05C-DI-EBPM-05:CF:BBA_Y_S,0,ao
721,bcd_offset_x,SR05C-DI-EBPM-05:CF:BCD_X_S,0,ao
721,bcd_offset_y,SR05C-DI-EBPM-05:CF:BCD_Y_S,0,ao
721,golden_offset_x,SR05C-DI-EBPM-05:CF:GOLDEN_X_S,0,ao
721,golden_offset_y,SR05C-DI-EBPM-05:CF:GOLDEN_Y_S,0,ao
732,bba_offset_x,SR05C-DI-EBPM-06:CF:BBA_X_S,0,ao
732,bba_offset_y,SR05C-DI-EBPM-06:CF:BBA_Y_S,0,ao
732,bcd_offset_x,SR05C-DI-EBPM-06:CF:BCD_X_S,0,ao
732,bcd_offset_y,SR05C-DI-EBPM-06:CF:BCD_Y_S,0,ao
732,golden_offset_x,SR05C-DI-EBPM-06:CF:GOLDEN_X_S,0,ao
732,golden_offset_y,SR05C-DI-EBPM-06:CF:GOLDEN_Y_S,0,ao
743,bba_offset_x,SR05C-DI-EBPM-07:CF:BBA_X_S,0,ao
743,bba_offset_y,SR05C-DI-EBPM-07:CF:BBA_Y_S,0,ao
743,bcd_offset_x,SR05C-DI-EBPM-07:CF:BCD_X_S,0,ao
743,bcd_offset_y,SR05C-DI-EBPM-07:CF:BCD_Y_S,0,ao
743,golden_offset_x,SR05C-DI-EBPM-07:CF:GOLDEN_X_S,0,ao
743,golden_offset_y,SR05C-DI-EBPM-07:CF:GOLDEN_Y_S,0,ao
757,bba_offset_x,SR05C-DI-EBPM-08:CF:BBA_X_S,0,ao
757,bba_offset_y,SR05C-DI-EBPM-08:CF:BBA_Y_S,0,ao
757,bcd_offset_x,SR05C-DI-EBPM-08:CF:BCD_X_S,0,ao
757,bcd_offset_y,SR05C-DI-EBPM-08:CF:BCD_Y_S,0,ao
757,golden_offset_x,SR05C-DI-EBPM-08:CF:GOLDEN_X_S,0,ao
757,golden_offset_y,SR05C-DI-EBPM-08:CF:GOLDEN_Y_S,0,ao
771,bba_offset_x,SR05C-DI-EBPM-09:CF:BBA_X_S,0,ao
771,bba_offset_y,SR05C-DI-EBPM-09:CF:BBA_Y_S,0,ao
771,bcd_offset_x,SR05C-DI-EBPM-09:CF:BCD_X_S,0,ao
771,bcd_offset_y,SR05C-DI-EBPM-09:CF:BCD_Y_S,0,ao
771,golden_offset_x,SR05C-DI-EBPM-09:CF:GOLDEN_X_S,0,ao
771,golden_offset_y,SR05C-DI-EBPM-09:CF:GOLDEN_Y_S,0,ao
787,bba_offset_x,SR05C-DI-EBPM-10:CF:BBA_X_S,0,ao
787,bba_offset_y,SR05C-DI-EBPM-10:CF:BBA_Y_S,0,ao
787,bcd_offset_x,SR05C-DI-EBPM-10:CF:BCD_X_S,0,ao
787,bcd_offset_y,SR05C-DI-EBPM-10:CF:BCD_Y_S,0,ao
787,golden_offset_x,SR05C-DI-EBPM-10:CF:GOLDEN_X_S,0,ao
787,golden_offset_y,SR05C-DI-EBPM-10:CF:GOLDEN_Y_S,0,ao
806,bba_offset_x,SR05C-DI-EBPM-11:CF:BBA_X_S,0,ao
806,bba_offset_y,SR05C-DI-EBPM-11:CF:BBA_Y_S,0,ao
806,bcd_offset_x,SR05C-DI-EBPM-11:CF:BCD_X_S,0,ao
806,bcd_offset_y,SR05C-DI-EBPM-11:CF:BCD_Y_S,0,ao
806,golden_offset_x,SR05C-DI-EBPM-11:CF:GOLDEN_X_S,0,ao
806,golden_offset_y,SR05C-DI-EBPM-11:CF:GOLDEN_Y_S,0,ao
825,bba_offset_x,SR06C-DI-EBPM-01:CF:BBA_X_S,0,ao
825,bba_offset_y,SR06C-DI-EBPM-01:CF:BBA_Y_S,0,ao
825,bcd_offset_x,SR06C-DI-EBPM-01:CF:BCD_X_S,0,ao
825,bcd_offset_y,SR06C-DI-EBPM-01:CF:BCD_Y_S,0,ao
825,golden_offset_x,SR06C-DI-EBPM-01:CF:GOLDEN_X_S,0,ao
825,golden_offset_y,SR06C-DI-EBPM-01:CF:GOLDEN_Y_S,0,ao
847,bba_offset_x,SR06C-DI-EBPM-02:CF:BBA_X_S,0,ao
847,bba_offset_y,SR06C-DI-EBPM-02:CF:BBA_Y_S,0,ao
847,bcd_offset_x,SR06C-DI-EBPM-02:CF:BCD_X_S,0,ao
847,bcd_offset_y,SR06C-DI-EBPM-02:CF:BCD_Y_S,0,ao
847,golden_offset_x,SR06C-DI-EBPM-02:CF:GOLDEN_X_S,0,ao
847,golden_offset_y,SR06C-DI-EBPM-02:CF:GOLDEN_Y_S,0,ao
857,bba_offset_x,SR06C-DI-EBPM-03:CF:BBA_X_S,0,ao
857,bba_offset_y,SR06C-DI-EBPM-03:CF:BBA_Y_S,0,ao
857,bcd_offset_x,SR06C-DI-EBPM-03:CF:BCD_X_S,0,ao
857,bcd_offset_y,SR06C-DI-EBPM-03:CF:BCD_Y_S,0,ao
857,golden_offset_x,SR06C-DI-EBPM-03:CF:GOLDEN_X_S,0,ao
857,golden_offset_y,SR06C-DI-EBPM-03:CF:GOLDEN_Y_S,0,ao
877,bba_offset_x,SR06C-DI-EBPM-04:CF:BBA_X_S,0,ao
877,bba_offset_y,SR06C-DI-EBPM-04:CF:BBA_Y_S,0,ao
877,bcd_offset_x,SR06C-DI-EBPM-04:CF:BCD_X_S,0,ao
877,bcd_offset_y,SR06C-DI-EBPM-04:CF:BCD_Y_S,0,ao
877,golden_offset_x,SR06C-DI-EBPM-04:CF:GOLDEN_X_S,0,ao
877,golden_offset_y,SR06C-DI-EBPM-04:CF:GOLDEN_Y_S,0,ao
888,bba_offset_x,SR06C-DI-EBPM-05:CF:BBA_X_S,0,ao
888,bba_offset_y,SR06C-DI-EBPM-05:CF:BBA_Y_S,0,ao
888,bcd_offset_x,SR06C-DI-EBPM-05:CF:BCD_X_S,0,ao
888,bcd_offset_y,SR06C-DI-EBPM-05:CF:BCD_Y_S,0,ao
888,golden_offset_x,SR06C-DI-EBPM-05:CF:GOLDEN_X_S,0,ao
888,golden_offset_y,SR06C-DI-EBPM-05:CF:GOLDEN_Y_S,0,ao
899,bba_offset_x,SR06C-DI-EBPM-06:CF:BBA_X_S,0,ao
899,bba_offset_y,SR06C-DI-EBPM-06:CF:BBA_Y_S,0,ao
899,bcd_offset_x,SR06C-DI-EBPM-06:CF:BCD_X_S,0,ao
899,bcd_offset_y,SR06C-DI-EBPM-06:CF:BCD_Y_S,0,ao
899,golden_offset_x,SR06C-DI-EBPM-06:CF:GOLDEN_X_S,0,ao
899,golden_offset_y,SR06C-DI-EBPM-06:CF:GOLDEN_Y_S,0,ao
913,bba_offset_x,SR06C-DI-EBPM-07:CF:BBA_X_S,0,ao
913,bba_offset_y,SR06C-DI-EBPM-07:CF:BBA_Y_S,0,ao
913,bcd_offset_x,SR06C-DI-EBPM-07:CF:BCD_X_S,0,ao
913,bcd_offset_y,SR06C-DI-EBPM-07:CF:BCD_Y_S,0,ao
913,golden_offset_x,SR06C-DI-EBPM-07:CF:GOLDEN_X_S,0,ao
913,golden_offset_y,SR06C-DI-EBPM-07:CF:GOLDEN_Y_S,0,ao
927,bba_offset_x,SR06C-DI-EBPM-08:CF:BBA_X_S,0,ao
927,bba_offset_y,SR06C-DI-EBPM-08:CF:BBA_Y_S,0,ao
927,bcd_offset_x,SR06C-DI-EBPM-08:CF:BCD_X_S,0,ao
927,bcd_offset_y,SR06C-DI-EBPM-08:CF:BCD_Y_S,0,ao
927,golden_offset_x,SR06C-DI-EBPM-08:CF:GOLDEN_X_S,0,ao
927,golden_offset_y,SR06C-DI-EBPM-08:CF:GOLDEN_Y_S,0,ao
943,bba_offset_x,SR06C-DI-EBPM-09:CF:BBA_X_S,0,ao
943,bba_offset_y,SR06C-DI-EBPM-09:CF:BBA_Y_S,0,ao
943,bcd_offset_x,SR06C-DI-EBPM-09:CF:BCD_X_S,0,ao
943,bcd_offset_y,SR06C-DI-EBPM-09:CF:BCD_Y_S,0,ao
943,golden_offset_x,SR06C-DI-EBPM-09:CF:GOLDEN_X_S,0,ao
943,golden_offset_y,SR06C-DI-EBPM-09:CF:GOLDEN_Y_S,0,ao
962,bba_offset_x,SR06C-DI-EBPM-10:CF:BBA_X_S,0,ao
962,bba_offset_y,SR06C-DI-EBPM-10:CF:BBA_Y_S,0,ao
962,bcd_offset_x,SR06C-DI-EBPM-10:CF:BCD_X_S,0,ao
962,bcd_offset_y,SR06C-DI-EBPM-10:CF:BCD_Y_S,0,ao
962,golden_offset_x,SR06C-DI-EBPM-10:CF:GOLDEN_X_S,0,ao
962,golden_offset_y,SR06C-DI-EBPM-10:CF:GOLDEN_Y_S,0,ao
990,bba_offset_x,SR07C-DI-EBPM-01:CF:BBA_X_S,0,ao
990,bba_offset_y,SR07C-DI-EBPM-01:CF:BBA_Y_S,0,ao
990,bcd_offset_x,SR07C-DI-EBPM-01:CF:BCD_X_S,0,ao
990,bcd_offset_y,SR07C-DI-EBPM-01:CF:BCD_Y_S,0,ao
990,golden_offset_x,SR07C-DI-EBPM-01:CF:GOLDEN_X_S,0,ao
990,golden_offset_y,SR07C-DI-EBPM-01:CF:GOLDEN_Y_S,0,ao
1012,bba_offset_x,SR07C-DI-EBPM-02:CF:BBA_X_S,0,ao
1012,bba_offset_y,SR07C-DI-EBPM-02:CF:BBA_Y_S,0,ao
1012,bcd_offset_x,SR07C-DI-EBPM-02:CF:BCD_X_S,0,ao
1012,bcd_offset_y,SR07C-DI-EBPM-02:CF:BCD_Y_S,0,ao
1012,golden_offset_x,SR07C-DI-EBPM-02:CF:GOLDEN_X_S,0,ao
1012,golden_offset_y,SR07C-DI-EBPM-02:CF:GOLDEN_Y_S,0,ao
1022,bba_offset_x,SR07C-DI-EBPM-03:CF:BBA_X_S,0,ao
1022,bba_offset_y,SR07C-DI-EBPM-03:CF:BBA_Y_S,0,ao
1022,bcd_offset_x,SR07C-DI-EBPM-03:CF:BCD_X_S,0,ao
1022,bcd_offset_y,SR07C-DI-EBPM-03:CF:BCD_Y_S,0,ao
1022,golden_offset_x,SR07C-DI-EBPM-03:CF:GOLDEN_X_S,0,ao
1022,golden_offset_y,SR07C-DI-EBPM-03:CF:GOLDEN_Y_S,0,ao
1042,bba_offset_x,SR07C-DI-EBPM-04:CF:BBA_X_S,0,ao
1042,bba_offset_y,SR07C-DI-EBPM-04:CF:BBA_Y_S,0,ao
1042,bcd_offset_x,SR07C-DI-EBPM-04:CF:BCD_X_S,0,ao
1042,bcd_offset_y,SR07C-DI-EBPM-04:CF:BCD_Y_S,0,ao
1042,golden_offset_x,SR07C-DI-EBPM-04:CF:GOLDEN_X_S,0,ao
1042,golden_offset_y,SR07C-DI-EBPM-04:CF:GOLDEN_Y_S,0,ao
1053,bba_offset_x,SR07C-DI-EBPM-05:CF:BBA_X_S,0,ao
1053,bba_offset_y,SR07C-DI-EBPM-05:CF:BBA_Y_S,0,ao
1053,bcd_offset_x,SR07C-DI-EBPM-05:CF:BCD_X_S,0,ao
1053,bcd_offset_y,SR07C-DI-EBPM-05:CF:BCD_Y_S,0,ao
1053,golden_offset_x,SR07C-DI-EBPM-05:CF:GOLDEN_X_S,0,ao
1053,golden_offset_y,SR07C-DI-EBPM-05:CF:GOLDEN_Y_S,0,ao
1071,bba_offset_x,SR07C-DI-EBPM-06:CF:BBA_X_S,0,ao
1071,bba_offset_y,SR07C-DI-EBPM-06:CF:BBA_Y_S,0,ao
1071,bcd_offset_x,SR07C-DI-EBPM-06:CF:BCD_X_S,0,ao
1071,bcd_offset_y,SR07C-DI-EBPM-06:CF:BCD_Y_S,0,ao
1071,golden_offset_x,SR07C-DI-EBPM-06:CF:GOLDEN_X_S,0,ao
1071,golden_offset_y,SR07C-DI-EBPM-06:CF:GOLDEN_Y_S,0,ao
1085,bba_offset_x,SR07C-DI-EBPM-07:CF:BBA_X_S,0,ao
1085,bba_offset_y,SR07C-DI-EBPM-07:CF:BBA_Y_S,0,ao
1085,bcd_offset_x,SR07C-DI-EBPM-07:CF:BCD_X_S,0,ao
1085,bcd_offset_y,SR07C-DI-EBPM-07:CF:BCD_Y_S,0,ao
1085,golden_offset_x,SR07C-DI-EBPM-07:CF:GOLDEN_X_S,0,ao
1085,golden_offset_y,SR07C-DI-EBPM-07:CF:GOLDEN_Y_S,0,ao
1099,bba_offset_x,SR07C-DI-EBPM-08:CF:BBA_X_S,0,ao
1099,bba_offset_y,SR07C-DI-EBPM-08:CF:BBA_Y_S,0,ao
1099,bcd_offset_x,SR07C-DI-EBPM-08:CF:BCD_X_S,0,ao
1099,bcd_offset_y,SR07C-DI-EBPM-08:CF:BCD_Y_S,0,ao
1099,golden_offset_x,SR07C-DI-EBPM-08:CF:GOLDEN_X_S,0,ao
1099,golden_offset_y,SR07C-DI-EBPM-08:CF:GOLDEN_Y_S,0,ao
1115,bba_offset_x,SR07C-DI-EBPM-09:CF:BBA_X_S,0,ao
1115,bba_offset_y,SR07C-DI-EBPM-09:CF:BBA_Y_S,0,ao
1115,bcd_offset_x,SR07C-DI-EBPM-09:CF:BCD_X_S,0,ao
1115,bcd_offset_y,SR07C-DI-EBPM-09:CF:BCD_Y_S,0,ao
1115,golden_offset_x,SR07C-DI-EBPM-09:CF:GOLDEN_X_S,0,ao
1115,golden_offset_y,SR07C-DI-EBPM-09:CF:GOLDEN_Y_S,0,ao
1134,bba_offset_x,SR07C-DI-EBPM-10:CF:BBA_X_S,0,ao
1134,bba_offset_y,SR07C-DI-EBPM-10:CF:BBA_Y_S,0,ao
1134,bcd_offset_x,SR07C-DI-EBPM-10:CF:BCD_X_S,0,ao
1134,bcd_offset_y,SR07C-DI-EBPM-10:CF:BCD_Y_S,0,ao
1134,golden_offset_x,SR07C-DI-EBPM-10:CF:GOLDEN_X_S,0,ao
1134,golden_offset_y,SR07C-DI-EBPM-10:CF:GOLDEN_Y_S,0,ao
1152,bba_offset_x,SR08C-DI-EBPM-01:CF:BBA_X_S,0,ao
1152,bba_offset_y,SR08C-DI-EBPM-01:CF:BBA_Y_S,0,ao
1152,bcd_offset_x,SR08C-DI-EBPM-01:CF:BCD_X_S,0,ao
1152,bcd_offset_y,SR08C-DI-EBPM-01:CF:BCD_Y_S,0,ao
1152,golden_offset_x,SR08C-DI-EBPM-01:CF:GOLDEN_X_S,0,ao
1152,golden_offset_y,SR08C-DI-EBPM-01:CF:GOLDEN_Y_S,0,ao
1174,bba_offset_x,SR08C-DI-EBPM-02:CF:BBA_X_S,0,ao
1174,bba_offset_y,SR08C-DI-EBPM-02:CF:BBA_Y_S,0,ao
1174,bcd_offset_x,SR08C-DI-EBPM-02:CF:BCD_X_S,0,ao
1174,bcd_offset_y,SR08C-DI-EBPM-02:CF:BCD_Y_S,0,ao
1174,golden_offset_x,SR08C-DI-EBPM-02:CF:GOLDEN_X_S,0,ao
1174,golden_offset_y,SR08C-DI-EBPM-02:CF:GOLDEN_Y_S,0,ao
1184,bba_offset_x,SR08C-DI-EBPM-03:CF:BBA_X_S,0,ao
1184,bba_offset_y,SR08C-DI-EBPM-03:CF:BBA_Y_S,0,ao
1184,bcd_offset_x,SR08C-DI-EBPM-03:CF:BCD_X_S,0,ao
1184,bcd_offset_y,SR08C-DI-EBPM-03:CF:BCD_Y_S,0,ao
1184,golden_offset_x,SR08C-DI-EBPM-03:CF:GOLDEN_X_S,0,ao
1184,golden_offset_y,SR08C-DI-EBPM-03:CF:GOLDEN_Y_S,0,ao
1204,bba_offset_x,SR08C-DI-EBPM-04:CF:BBA_X_S,0,ao
1204,bba_offset_y,SR08C-DI-EBPM-04:CF:BBA_Y_S,0,ao
1204,bcd_offset_x,SR08C-DI-EBPM-04:CF:BCD_X_S,0,ao
1204,bcd_offset_y,SR08C-DI-EBPM-04:CF:BCD_Y_S,0,ao
1204,golden_offset_x,SR08C-DI-EBPM-04:CF:GOLDEN_X_S,0,ao
1204,golden_offset_y,SR08C-DI-EBPM-04:CF:GOLDEN_Y_S,0,ao
1215,bba_offset_x,SR08C-DI-EBPM-05:CF:BBA_X_S,0,ao
1215,bba_offset_y,SR08C-DI-EBPM-05:CF:BBA_Y_S,0,ao
1215,bcd_offset_x,SR08C-DI-EBPM-05:CF:BCD_X_S,0,ao
1215,bcd_offset_y,SR08C-DI-EBPM-05:CF:BCD_Y_S,0,ao
1215,golden_offset_x,SR08C-DI-EBPM-05:CF:GOLDEN_X_S,0,ao
1215,golden_offset_y,SR08C-DI-EBPM-05:CF:GOLDEN_Y_S,0,ao
1222,bba_offset_x,SR08C-DI-EBPM-06:CF:BBA_X_S,0,ao
1222,bba_offset_y,SR08C-DI-EBPM-06:CF:BBA_Y_S,0,ao
1222,bcd_offset_x,SR08C-DI-EBPM-06:CF:BCD_X_S,0,ao
1222,bcd_offset_y,SR08C-DI-EBPM-06:CF:BCD_Y_S,0,ao
1222,golden_offset_x,SR08C-DI-EBPM-06:CF:GOLDEN_X_S,0,ao
1222,golden_offset_y,SR08C-DI-EBPM-06:CF:GOLDEN_Y_S,0,ao
1236,bba_offset_x,SR08C-DI-EBPM-07:CF:BBA_X_S,0,ao
1236,bba_offset_y,SR08C-DI-EBPM-07:CF:BBA_Y_S,0,ao
1236,bcd_offset_x,SR08C-DI-EBPM-07:CF:BCD_X_S,0,ao
1236,bcd_offset_y,SR08C-DI-EBPM-07:CF:BCD_Y_S,0,ao
1236,golden_offset_x,SR08C-DI-EBPM-07:CF:GOLDEN_X_S,0,ao
1236,golden_offset_y,SR08C-DI-EBPM-07:CF:GOLDEN_Y_S,0,ao
1250,bba_offset_x,SR08C-DI-EBPM-08:CF:BBA_X_S,0,ao
1250,bba_offset_y,SR08C-DI-EBPM-08:CF:BBA_Y_S,0,ao
1250,bcd_offset_x,SR08C-DI-EBPM-08:CF:BCD_X_S,0,ao
1250,bcd_offset_y,SR08C-DI-EBPM-08:CF:BCD_Y_S,0,ao
1250,golden_offset_x,SR08C-DI-EBPM-08:CF:GOLDEN_X_S,0,ao
1250,golden_offset_y,SR08C-DI-EBPM-08:CF:GOLDEN_Y_S,0,ao
1266,bba_offset_x,SR08C-DI-EBPM-09:CF:BBA_X_S,0,ao
1266,bba_offset_y,SR08C-DI-EBPM-09:CF:BBA_Y_S,0,ao
1266,bcd_offset_x,SR08C-DI-EBPM-09:CF:BCD_X_S,0,ao
1266,bcd_offset_y,SR08C-DI-EBPM-09:CF:BCD_Y_S,0,ao
1266,golden_offset_x,SR08C-DI-EBPM-09:CF:GOLDEN_X_S,0,ao
1266,golden_offset_y,SR08C-DI-EBPM-09:CF:GOLDEN_Y_S,0,ao
1280,bba_offset_x,SR08C-DI-EBPM-10:CF:BBA_X_S,0,ao
1280,bba_offset_y,SR08C-DI-EBPM-10:CF:BBA_Y_S,0,ao
1280,bcd_offset_x,SR08C-DI-EBPM-10:CF:BCD_X_S,0,ao
1280,bcd_offset_y,SR08C-DI-EBPM-10:CF:BCD_Y_S,0,ao
1280,golden_offset_x,SR08C-DI-EBPM-10:CF:GOLDEN_X_S,0,ao
1280,golden_offset_y,SR08C-DI-EBPM-10:CF:GOLDEN_Y_S,0,ao
1296,bba_offset_x,SR08C-DI-EBPM-11:CF:BBA_X_S,0,ao
1296,bba_offset_y,SR08C-DI-EBPM-11:CF:BBA_Y_S,0,ao
1296,bcd_offset_x,SR08C-DI-EBPM-11:CF:BCD_X_S,0,ao
1296,bcd_offset_y,SR08C-DI-EBPM-11:CF:BCD_Y_S,0,ao
1296,golden_offset_x,SR08C-DI-EBPM-11:CF:GOLDEN_X_S,0,ao
1296,golden_offset_y,SR08C-DI-EBPM-11:CF:GOLDEN_Y_S,0,ao
1344,bba_offset_x,SR09C-DI-EBPM-01:CF:BBA_X_S,0,ao
1344,bba_offset_y,SR09C-DI-EBPM-01:CF:BBA_Y_S,0,ao
1344,bcd_offset_x,SR09C-DI-EBPM-01:CF:BCD_X_S,0,ao
1344,bcd_offset_y,SR09C-DI-EBPM-01:CF:BCD_Y_S,0,ao
1344,golden_offset_x,SR09C-DI-EBPM-01:CF:GOLDEN_X_S,0,ao
1344,golden_offset_y,SR09C-DI-EBPM-01:CF:GOLDEN_Y_S,0,ao
1360,bba_offset_x,SR09C-DI-EBPM-02:CF:BBA_X_S,0,ao
1360,bba_offset_y,SR09C-DI-EBPM-02:CF:BBA_Y_S,0,ao
1360,bcd_offset_x,SR09C-DI-EBPM-02:CF:BCD_X_S,0,ao
1360,bcd_offset_y,SR09C-DI-EBPM-02:CF:BCD_Y_S,0,ao
1360,golden_offset_x,SR09C-DI-EBPM-02:CF:GOLDEN_X_S,0,ao
1360,golden_offset_y,SR09C-DI-EBPM-02:CF:GOLDEN_Y_S,0,ao
1377,bba_offset_x,SR09C-DI-EBPM-03:CF:BBA_X_S,0,ao
1377,bba_offset_y,SR09C-DI-EBPM-03:CF:BBA_Y_S,0,ao
1377,bcd_offset_x,SR09C-DI-EBPM-03:CF:BCD_X_S,0,ao
1377,bcd_offset_y,SR09C-DI-EBPM-03:CF:BCD_Y_S,0,ao
1377,golden_offset_x,SR09C-DI-EBPM-03:CF:GOLDEN_X_S,0,ao
1377,golden_offset_y,SR09C-DI-EBPM-03:CF:GOLDEN_Y_S,0,ao
1387,bba_offset_x,SR09C-DI-EBPM-04:CF:BBA_X_S,0,ao
1387,bba_offset_y,SR09C-DI-EBPM-04:CF:BBA_Y_S,0,ao
1387,bcd_offset_x,SR09C-DI-EBPM-04:CF:BCD_X_S,0,ao
1387,bcd_offset_y,SR09C-DI-EBPM-04:CF:BCD_Y_S,0,ao
1387,golden_offset_x,SR09C-DI-EBPM-04:CF:GOLDEN_X_S,0,ao
1387,golden_offset_y,SR09C-DI-EBPM-04:CF:GOLDEN_Y_S,0,ao
1409,bba_offset_x,SR09C-DI-EBPM-05:CF:BBA_X_S,0,ao
1409,bba_offset_y,SR09C-DI-EBPM-05:CF:BBA_Y_S,0,ao
1409,bcd_offset_x,SR09C-DI-EBPM-05:CF:BCD_X_S,0,ao
1409,bcd_offset_y,SR09C-DI-EBPM-05:CF:BCD_Y_S,0,ao
1409,golden_offset_x,SR09C-DI-EBPM-05:CF:GOLDEN_X_S,0,ao
1409,golden_offset_y,SR09C-DI-EBPM-05:CF:GOLDEN_Y_S,0,ao
1420,bba_offset_x,SR09C-DI-EBPM-06:CF:BBA_X_S,0,ao
1420,bba_offset_y,SR09C-DI-EBPM-06:CF:BBA_Y_S,0,ao
1420,bcd_offset_x,SR09C-DI-EBPM-06:CF:BCD_X_S,0,ao
1420,bcd_offset_y,SR09C-DI-EBPM-06:CF:BCD_Y_S,0,ao
1420,golden_offset_x,SR09C-DI-EBPM-06:CF:GOLDEN_X_S,0,ao
1420,golden_offset_y,SR09C-DI-EBPM-06:CF:GOLDEN_Y_S,0,ao
1427,bba_offset_x,SR09C-DI-EBPM-07:CF:BBA_X_S,0,ao
1427,bba_offset_y,SR09C-DI-EBPM-07:CF:BBA_Y_S,0,ao
1427,bcd_offset_x,SR09C-DI-EBPM-07:CF:BCD_X_S,0,ao
1427,bcd_offset_y,SR09C-DI-EBPM-07:CF:BCD_Y_S,0,ao
1427,golden_offset_x,SR09C-DI-EBPM-07:CF:GOLDEN_X_S,0,ao
1427,golden_offset_y,SR09C-DI-EBPM-07:CF:GOLDEN_Y_S,0,ao
1441,bba_offset_x,SR09C-DI-EBPM-08:CF:BBA_X_S,0,ao
1441,bba_offset_y,SR09C-DI-EBPM-08:CF:BBA_Y_S,0,ao
1441,bcd_offset_x,SR09C-DI-EBPM-08:CF:BCD_X_S,0,ao
1441,bcd_offset_y,SR09C-DI-EBPM-08:CF:BCD_Y_S,0,ao
1441,golden_offset_x,SR09C-DI-EBPM-08:CF:GOLDEN_X_S,0,ao
1441,golden_offset_y,SR09C-DI-EBPM-08:CF:GOLDEN_Y_S,0,ao
1455,bba_offset_x,SR09C-DI-EBPM-09:CF:BBA_X_S,0,ao
1455,bba_offset_y,SR09C-DI-EBPM-09:CF:BBA_Y_S,0,ao
1455,bcd_offset_x,SR09C-DI-EBPM-09:CF:BCD_X_S,0,ao
1455,bcd_offset_y,SR09C-DI-EBPM-09:CF:BCD_Y_S,0,ao
1455,golden_offset_x,SR09C-DI-EBPM-09:CF:GOLDEN_X_S,0,ao
1455,golden_offset_y,SR09C-DI-EBPM-09:CF:GOLDEN_Y_S,0,ao
1471,bba_offset_x,SR09C-DI-EBPM-10:CF:BBA_X_S,0,ao
1471,bba_offset_y,SR09C-DI-EBPM-10:CF:BBA_Y_S,0,ao
1471,bcd_offset_x,SR09C-DI-EBPM-10:CF:BCD_X_S,0,ao
1471,bcd_offset_y,SR09C-DI-EBPM-10:CF:BCD_Y_S,0,ao
1471,golden_offset_x,SR09C-DI-EBPM-10:CF:GOLDEN_X_S,0,ao
1471,golden_offset_y,SR09C-DI-EBPM-10:CF:GOLDEN_Y_S,0,ao
1490,bba_offset_x,SR09C-DI-EBPM-11:CF:BBA_X_S,0,ao
1490,bba_offset_y,SR09C-DI-EBPM-11:CF:BBA_Y_S,0,ao
1490,bcd_offset_x,SR09C-DI-EBPM-11:CF:BCD_X_S,0,ao
1490,bcd_offset_y,SR09C-DI-EBPM-11:CF:BCD_Y_S,0,ao
1490,golden_offset_x,SR09C-DI-EBPM-11:CF:GOLDEN_X_S,0,ao
1490,golden_offset_y,SR09C-DI-EBPM-11:CF:GOLDEN_Y_S,0,ao
1508,bba_offset_x,SR10C-DI-EBPM-01:CF:BBA_X_S,0,ao
1508,bba_offset_y,SR10C-DI-EBPM-01:CF:BBA_Y_S,0,ao
1508,bcd_offset_x,SR10C-DI-EBPM-01:CF:BCD_X_S,0,ao
1508,bcd_offset_y,SR10C-DI-EBPM-01:CF:BCD_Y_S,0,ao
1508,golden_offset_x,SR10C-DI-EBPM-01:CF:GOLDEN_X_S,0,ao
1508,golden_offset_y,SR10C-DI-EBPM-01:CF:GOLDEN_Y_S,0,ao
1530,bba_offset_x,SR10C-DI-EBPM-02:CF:BBA_X_S,0,ao
1530,bba_offset_y,SR10C-DI-EBPM-02:CF:BBA_Y_S,0,ao
1530,bcd_offset_x,SR10C-DI-EBPM-02:CF:BCD_X_S,0,ao
1530,bcd_offset_y,SR10C-DI-EBPM-02:CF:BCD_Y_S,0,ao
1530,golden_offset_x,SR10C-DI-EBPM-02:CF:GOLDEN_X_S,0,ao
1530,golden_offset_y,SR10C-DI-EBPM-02:CF:GOLDEN_Y_S,0,ao
1540,bba_offset_x,SR10C-DI-EBPM-03:CF:BBA_X_S,0,ao
1540,bba_offset_y,SR10C-DI-EBPM-03:CF:BBA_Y_S,0,ao
1540,bcd_offset_x,SR10C-DI-EBPM-03:CF:BCD_X_S,0,ao
1540,bcd_offset_y,SR10C-DI-EBPM-03:CF:BCD_Y_S,0,ao
1540,golden_offset_x,SR10C-DI-EBPM-03:CF:GOLDEN_X_S,0,ao
1540,golden_offset_y,SR10C-DI-EBPM-03:CF:GOLDEN_Y_S,0,ao
1560,bba_offset_x,SR10C-DI-EBPM-04:CF:BBA_X_S,0,ao
1560,bba_offset_y,SR10C-DI-EBPM-04:CF:BBA_Y_S,0,ao
1560,bcd_offset_x,SR10C-DI-EBPM-04:CF:BCD_X_S,0,ao
1560,bcd_offset_y,SR10C-DI-EBPM-04:CF:BCD_Y_S,0,ao
1560,golden_offset_x,SR10C-DI-EBPM-04:CF:GOLDEN_X_S,0,ao
1560,golden_offset_y,SR10C-DI-EBPM-04:CF:GOLDEN_Y_S,0,ao
1571,bba_offset_x,SR10C-DI-EBPM-05:CF:BBA_X_S,0,ao
1571,bba_offset_y,SR10C-DI-EBPM-05:CF:BBA_Y_S,0,ao
1571,bcd_offset_x,SR10C-DI-EBPM-05:CF:BCD_X_S,0,ao
1571,bcd_offset_y,SR10C-DI-EBPM-05:CF:BCD_Y_S,0,ao
1571,golden_offset_x,SR10C-DI-EBPM-05:CF:GOLDEN_X_S,0,ao
1571,golden_offset_y,SR10C-DI-EBPM-05:CF:GOLDEN_Y_S,0,ao
1578,bba_offset_x,SR10C-DI-EBPM-06:CF:BBA_X_S,0,ao
1578,bba_offset_y,SR10C-DI-EBPM-06:CF:BBA_Y_S,0,ao
1578,bcd_offset_x,SR10C-DI-EBPM-06:CF:BCD_X_S,0,ao
1578,bcd_offset_y,SR10C-DI-EBPM-06:CF:BCD_Y_S,0,ao
1578,golden_offset_x,SR10C-DI-EBPM-06:CF:GOLDEN_X_S,0,ao
1578,golden_offset_y,SR10C-DI-EBPM-06:CF:GOLDEN_Y_S,0,ao
1592,bba_offset_x,SR10C-DI-EBPM-07:CF:BBA_X_S,0,ao
1592,bba_offset_y,SR10C-DI-EBPM-07:CF:BBA_Y_S,0,ao
1592,bcd_offset_x,SR10C-DI-EBPM-07:CF:BCD_X_S,0,ao
1592,bcd_offset_y,SR10C-DI-EBPM-07:CF:BCD_Y_S,0,ao
1592,golden_offset_x,SR10C-DI-EBPM-07:CF:GOLDEN_X_S,0,ao
1592,golden_offset_y,SR10C-DI-EBPM-07:CF:GOLDEN_Y_S,0,ao
1606,bba_offset_x,SR10C-DI-EBPM-08:CF:BBA_X_S,0,ao
1606,bba_offset_y,SR10C-DI-EBPM-08:CF:BBA_Y_S,0,ao
1606,bcd_offset_x,SR10C-DI-EBPM-08:CF:BCD_X_S,0,ao
1606,bcd_offset_y,SR10C-DI-EBPM-08:CF:BCD_Y_S,0,ao
1606,golden_offset_x,SR10C-DI-EBPM-08:CF:GOLDEN_X_S,0,ao
1606,golden_offset_y,SR10C-DI-EBPM-08:CF:GOLDEN_Y_S,0,ao
1622,bba_offset_x,SR10C-DI-EBPM-09:CF:BBA_X_S,0,ao
1622,bba_offset_y,SR10C-DI-EBPM-09:CF:BBA_Y_S,0,ao
1622,bcd_offset_x,SR10C-DI-EBPM-09:CF:BCD_X_S,0,ao
1622,bcd_offset_y,SR10C-DI-EBPM-09:CF:BCD_Y_S,0,ao
1622,golden_offset_x,SR10C-DI-EBPM-09:CF:GOLDEN_X_S,0,ao
1622,golden_offset_y,SR10C-DI-EBPM-09:CF:GOLDEN_Y_S,0,ao
1641,bba_offset_x,SR10C-DI-EBPM-10:CF:BBA_X_S,0,ao
1641,bba_offset_y,SR10C-DI-EBPM-10:CF:BBA_Y_S,0,ao
1641,bcd_offset_x,SR10C-DI-EBPM-10:CF:BCD_X_S,0,ao
1641,bcd_offset_y,SR10C-DI-EBPM-10:CF:BCD_Y_S,0,ao
1641,golden_offset_x,SR10C-DI-EBPM-10:CF:GOLDEN_X_S,0,ao
1641,golden_offset_y,SR10C-DI-EBPM-10:CF:GOLDEN_Y_S,0,ao
1669,bba_offset_x,SR11C-DI-EBPM-01:CF:BBA_X_S,0,ao
1669,bba_offset_y,SR11C-DI-EBPM-01:CF:BBA_Y_S,0,ao
1669,bcd_offset_x,SR11C-DI-EBPM-01:CF:BCD_X_S,0,ao
1669,bcd_offset_y,SR11C-DI-EBPM-01:CF:BCD_Y_S,0,ao
1669,golden_offset_x,SR11C-DI-EBPM-01:CF:GOLDEN_X_S,0,ao
1669,golden_offset_y,SR11C-DI-EBPM-01:CF:GOLDEN_Y_S,0,ao
1691,bba_offset_x,SR11C-DI-EBPM-02:CF:BBA_X_S,0,ao
1691,bba_offset_y,SR11C-DI-EBPM-02:CF:BBA_Y_S,0,ao
1691,bcd_offset_x,SR11C-DI-EBPM-02:CF:BCD_X_S,0,ao
1691,bcd_offset_y,SR11C-DI-EBPM-02:CF:BCD_Y_S,0,ao
1691,golden_offset_x,SR11C-DI-EBPM-02:CF:GOLDEN_X_S,0,ao
1691,golden_offset_y,SR11C-DI-EBPM-02:CF:GOLDEN_Y_S,0,ao
1701,bba_offset_x,SR11C-DI-EBPM-03:CF:BBA_X_S,0,ao
1701,bba_offset_y,SR11C-DI-EBPM-03:CF:BBA_Y_S,0,ao
1701,bcd_offset_x,SR11C-DI-EBPM-03:CF:BCD_X_S,0,ao
1701,bcd_offset_y,SR11C-DI-EBPM-03:CF:BCD_Y_S,0,ao
1701,golden_offset_x,SR11C-DI-EBPM-03:CF:GOLDEN_X_S,0,ao
1701,golden_offset_y,SR11C-DI-EBPM-03:CF:GOLDEN_Y_S,0,ao
1721,bba_offset_x,SR11C-DI-EBPM-04:CF:BBA_X_S,0,ao
1721,bba_offset_y,SR11C-DI-EBPM-04:CF:BBA_Y_S,0,ao
1721,bcd_offset_x,SR11C-DI-EBPM-04:CF:BCD_X_S,0,ao
1721,bcd_offset_y,SR11C-DI-EBPM-04:CF:BCD_Y_S,0,ao
1721,golden_offset_x,SR11C-DI-EBPM-04:CF:GOLDEN_X_S,0,ao
1721,golden_offset_y,SR11C-DI-EBPM-04:CF:GOLDEN_Y_S,0,ao
1732,bba_offset_x,SR11C-DI-EBPM-05:CF:BBA_X_S,0,ao
1732,bba_offset_y,SR11C-DI-EBPM-05:CF:BBA_Y_S,0,ao
1732,bcd_offset_x,SR11C-DI-EBPM-05:CF:BCD_X_S,0,ao
1732,bcd_offset_y,SR11C-DI-EBPM-05:CF:BCD_Y_S,0,ao
1732,golden_offset_x,SR11C-DI-EBPM-05:CF:GOLDEN_X_S,0,ao
1732,golden_offset_y,SR11C-DI-EBPM-05:CF:GOLDEN_Y_S,0,ao
1750,bba_offset_x,SR11C-DI-EBPM-06:CF:BBA_X_S,0,ao
1750,bba_offset_y,SR11C-DI-EBPM-06:CF:BBA_Y_S,0,ao
1750,bcd_offset_x,SR11C-DI-EBPM-06:CF:BCD_X_S,0,ao
1750,bcd_offset_y,SR11C-DI-EBPM-06:CF:BCD_Y_S,0,ao
1750,golden_offset_x,SR11C-DI-EBPM-06:CF:GOLDEN_X_S,0,ao
1750,golden_offset_y,SR11C-DI-EBPM-06:CF:GOLDEN_Y_S,0,ao
1764,bba_offset_x,SR11C-DI-EBPM-07:CF:BBA_X_S,0,ao
1764,bba_offset_y,SR11C-DI-EBPM-07:CF:BBA_Y_S,0,ao
1764,bcd_offset_x,SR11C-DI-EBPM-07:CF:BCD_X_S,0,ao
1764,bcd_offset_y,SR11C-DI-EBPM-07:CF:BCD_Y_S,0,ao
1764,golden_offset_x,SR11C-DI-EBPM-07:CF:GOLDEN_X_S,0,ao
1764,golden_offset_y,SR11C-DI-EBPM-07:CF:GOLDEN_Y_S,0,ao
1778,bba_offset_x,SR11C-DI-EBPM-08:CF:BBA_X_S,0,ao
1778,bba_offset_y,SR11C-DI-EBPM-08:CF:BBA_Y_S,0,ao
1778,bcd_offset_x,SR11C-DI-EBPM-08:CF:BCD_X_S,0,ao
1778,bcd_offset_y,SR11C-DI-EBPM-08:CF:BCD_Y_S,0,ao
1778,golden_offset_x,SR11C-DI-EBPM-08:CF:GOLDEN_X_S,0,ao
1778,golden_offset_y,SR11C-DI-EBPM-08:CF:GOLDEN_Y_S,0,ao
1794,bba_offset_x,SR11C-DI-EBPM-09:CF:BBA_X_S,0,ao
1794,bba_offset_y,SR11C-DI-EBPM-09:CF:BBA_Y_S,0,ao
1794,bcd_offset_x,SR11C-DI-EBPM-09:CF:BCD_X_S,0,ao
1794,bcd_offset_y,SR11C-DI-EBPM-09:CF:BCD_Y_S,0,ao
1794,golden_offset_x,SR11C-DI-EBPM-09:CF:GOLDEN_X_S,0,ao
1794,golden_offset_y,SR11C-DI-EBPM-09:CF:GOLDEN_Y_S,0,ao
1813,bba_offset_x,SR11C-DI-EBPM-10:CF:BBA_X_S,0,ao
1813,bba_offset_y,SR11C-DI-EBPM-10:CF:BBA_Y_S,0,ao
1813,bcd_offset_x,SR11C-DI-EBPM-10:CF:BCD_X_S,0,ao
1813,bcd_offset_y,SR11C-DI-EBPM-10:CF:BCD_Y_S,0,ao
1813,golden_offset_x,SR11C-DI-EBPM-10:CF:GOLDEN_X_S,0,ao
1813,golden_offset_y,SR11C-DI-EBPM-10:CF:GOLDEN_Y_S,0,ao
1829,bba_offset_x,SR12C-DI-EBPM-01:CF:BBA_X_S,0,ao
1829,bba_offset_y,SR12C-DI-EBPM-01:CF:BBA_Y_S,0,ao
1829,bcd_offset_x,SR12C-DI-EBPM-01:CF:BCD_X_S,0,ao
1829,bcd_offset_y,SR12C-DI-EBPM-01:CF:BCD_Y_S,0,ao
1829,golden_offset_x,SR12C-DI-EBPM-01:CF:GOLDEN_X_S,0,ao
1829,golden_offset_y,SR12C-DI-EBPM-01:CF:GOLDEN_Y_S,0,ao
1851,bba_offset_x,SR12C-DI-EBPM-02:CF:BBA_X_S,0,ao
1851,bba_offset_y,SR12C-DI-EBPM-02:CF:BBA_Y_S,0,ao
1851,bcd_offset_x,SR12C-DI-EBPM-02:CF:BCD_X_S,0,ao
1851,bcd_offset_y,SR12C-DI-EBPM-02:CF:BCD_Y_S,0,ao
1851,golden_offset_x,SR12C-DI-EBPM-02:CF:GOLDEN_X_S,0,ao
1851,golden_offset_y,SR12C-DI-EBPM-02:CF:GOLDEN_Y_S,0,ao
1861,bba_offset_x,SR12C-DI-EBPM-03:CF:BBA_X_S,0,ao
1861,bba_offset_y,SR12C-DI-EBPM-03:CF:BBA_Y_S,0,ao
1861,bcd_offset_x,SR12C-DI-EBPM-03:CF:BCD_X_S,0,ao
1861,bcd_offset_y,SR12C-DI-EBPM-03:CF:BCD_Y_S,0,ao
1861,golden_offset_x,SR12C-DI-EBPM-03:CF:GOLDEN_X_S,0,ao
1861,golden_offset_y,SR12C-DI-EBPM-03:CF:GOLDEN_Y_S,0,ao
1881,bba_offset_x,SR12C-DI-EBPM-04:CF:BBA_X_S,0,ao
1881,bba_offset_y,SR12C-DI-EBPM-04:CF:BBA_Y_S,0,ao
1881,bcd_offset_x,SR12C-DI-EBPM-04:CF:BCD_X_S,0,ao
1881,bcd_offset_y,SR12C-DI-EBPM-04:CF:BCD_Y_S,0,ao
1881,golden_offset_x,SR12C-DI-EBPM-04:CF:GOLDEN_X_S,0,ao
1881,golden_offset_y,SR12C-DI-EBPM-04:CF:GOLDEN_Y_S,0,ao
1892,bba_offset_x,SR12C-DI-EBPM-05:CF:BBA_X_S,0,ao
1892,bba_offset_y,SR12C-DI-EBPM-05:CF:BBA_Y_S,0,ao
1892,bcd_offset_x,SR12C-DI-EBPM-05:CF:BCD_X_S,0,ao
1892,bcd_offset_y,SR12C-DI-EBPM-05:CF:BCD_Y_S,0,ao
1892,golden_offset_x,SR12C-DI-EBPM-05:CF:GOLDEN_X_S,0,ao
1892,golden_offset_y,SR12C-DI-EBPM-05:CF:GOLDEN_Y_S,0,ao
1899,bba_offset_x,SR12C-DI-EBPM-06:CF:BBA_X_S,0,ao
1899,bba_offset_y,SR12C-DI-EBPM-06:CF:BBA_Y_S,0,ao
1899,bcd_offset_x,SR12C-DI-EBPM-06:CF:BCD_X_S,0,ao
1899,bcd_offset_y,SR12C-DI-EBPM-06:CF:BCD_Y_S,0,ao
1899,golden_offset_x,SR12C-DI-EBPM-06:CF:GOLDEN_X_S,0,ao
1899,golden_offset_y,SR12C-DI-EBPM-06:CF:GOLDEN_Y_S,0,ao
1913,bba_offset_x,SR12C-DI-EBPM-07:CF:BBA_X_S,0,ao
1913,bba_offset_y,SR12C-DI-EBPM-07:CF:BBA_Y_S,0,ao
1913,bcd_offset_x,SR12C-DI-EBPM-07:CF:BCD_X_S,0,ao
1913,bcd_offset_y,SR12C-DI-EBPM-07:CF:BCD_Y_S,0,ao
1913,golden_offset_x,SR12C-DI-EBPM-07:CF:GOLDEN_X_S,0,ao
1913,golden_offset_y,SR12C-DI-EBPM-07:CF:GOLDEN_Y_S,0,ao
1927,bba_offset_x,SR12C-DI-EBPM-08:CF:BBA_X_S,0,ao
1927,bba_offset_y,SR12C-DI-EBPM-08:CF:BBA_Y_S,0,ao
1927,bcd_offset_x,SR12C-DI-EBPM-08:CF:BCD_X_S,0,ao
1927,bcd_offset_y,SR12C-DI-EBPM-08:CF:BCD_Y_S,0,ao
1927,golden_offset_x,SR12C-DI-EBPM-08:CF:GOLDEN_X_S,0,ao
1927,golden_offset_y,SR12C-DI-EBPM-08:CF:GOLDEN_Y_S,0,ao
1943,bba_offset_x,SR12C-DI-EBPM-09:CF:BBA_X_S,0,ao
1943,bba_offset_y,SR12C-DI-EBPM-09:CF:BBA_Y_S,0,ao
1943,bcd_offset_x,SR12C-DI-EBPM-09:CF:BCD_X_S,0,ao
1943,bcd_offset_y,SR12C-DI-EBPM-09:CF:BCD_Y_S,0,ao
1943,golden_offset_x,SR12C-DI-EBPM-09:CF:GOLDEN_X_S,0,ao
1943,golden_offset_y,SR12C-DI-EBPM-09:CF:GOLDEN_Y_S,0,ao
1957,bba_offset_x,SR12C-DI-EBPM-10:CF:BBA_X_S,0,ao
1957,bba_offset_y,SR12C-DI-EBPM-10:CF:BBA_Y_S,0,ao
1957,bcd_offset_x,SR12C-DI-EBPM-10:CF:BCD_X_S,0,ao
1957,bcd_offset_y,SR12C-DI-EBPM-10:CF:BCD_Y_S,0,ao
1957,golden_offset_x,SR12C-DI-EBPM-10:CF:GOLDEN_X_S,0,ao
1957,golden_offset_y,SR12C-DI-EBPM-10:CF:GOLDEN_Y_S,0,ao
1973,bba_offset_x,SR12C-DI-EBPM-11:CF:BBA_X_S,0,ao
1973,bba_offset_y,SR12C-DI-EBPM-11:CF:BBA_Y_S,0,ao
1973,bcd_offset_x,SR12C-DI-EBPM-11:CF:BCD_X_S,0,ao
1973,bcd_offset_y,SR12C-DI-EBPM-11:CF:BCD_Y_S,0,ao
1973,golden_offset_x,SR12C-DI-EBPM-11:CF:GOLDEN_X_S,0,ao
1973,golden_offset_y,SR12C-DI-EBPM-11:CF:GOLDEN_Y_S,0,ao
2019,bba_offset_x,SR13C-DI-EBPM-01:CF:BBA_X_S,0,ao
2019,bba_offset_y,SR13C-DI-EBPM-01:CF:BBA_Y_S,0,ao
2019,bcd_offset_x,SR13C-DI-EBPM-01:CF:BCD_X_S,0,ao
2019,bcd_offset_y,SR13C-DI-EBPM-01:CF:BCD_Y_S,0,ao
2019,golden_offset_x,SR13C-DI-EBPM-01:CF:GOLDEN_X_S,0,ao
2019,golden_offset_y,SR13C-DI-EBPM-01:CF:GOLDEN_Y_S,0,ao
2035,bba_offset_x,SR13C-DI-EBPM-02:CF:BBA_X_S,0,ao
2035,bba_offset_y,SR13C-DI-EBPM-02:CF:BBA_Y_S,0,ao
2035,bcd_offset_x,SR13C-DI-EBPM-02:CF:BCD_X_S,0,ao
2035,bcd_offset_y,SR13C-DI-EBPM-02:CF:BCD_Y_S,0,ao
2035,golden_offset_x,SR13C-DI-EBPM-02:CF:GOLDEN_X_S,0,ao
2035,golden_offset_y,SR13C-DI-EBPM-02:CF:GOLDEN_Y_S,0,ao
2052,bba_offset_x,SR13C-DI-EBPM-03:CF:BBA_X_S,0,ao
2052,bba_offset_y,SR13C-DI-EBPM-03:CF:BBA_Y_S,0,ao
2052,bcd_offset_x,SR13C-DI-EBPM-03:CF:BCD_X_S,0,ao
2052,bcd_offset_y,SR13C-DI-EBPM-03:CF:BCD_Y_S,0,ao
2052,golden_offset_x,SR13C-DI-EBPM-03:CF:GOLDEN_X_S,0,ao
2052,golden_offset_y,SR13C-DI-EBPM-03:CF:GOLDEN_Y_S,0,ao
2062,bba_offset_x,SR13C-DI-EBPM-04:CF:BBA_X_S,0,ao
2062,bba_offset_y,SR13C-DI-EBPM-04:CF:BBA_Y_S,0,ao
2062,bcd_offset_x,SR13C-DI-EBPM-04:CF:BCD_X_S,0,ao
2062,bcd_offset_y,SR13C-DI-EBPM-04:CF:BCD_Y_S,0,ao
2062,golden_offset_x,SR13C-DI-EBPM-04:CF:GOLDEN_X_S,0,ao
2062,golden_offset_y,SR13C-DI-EBPM-04:CF:GOLDEN_Y_S,0,ao
2084,bba_offset_x,SR13C-DI-EBPM-05:CF:BBA_X_S,0,ao
2084,bba_offset_y,SR13C-DI-EBPM-05:CF:BBA_Y_S,0,ao
2084,bcd_offset_x,SR13C-DI-EBPM-05:CF:BCD_X_S,0,ao
2084,bcd_offset_y,SR13C-DI-EBPM-05:CF:BCD_Y_S,0,ao
2084,golden_offset_x,SR13C-DI-EBPM-05:CF:GOLDEN_X_S,0,ao
2084,golden_offset_y,SR13C-DI-EBPM-05:CF:GOLDEN_Y_S,0,ao
2095,bba_offset_x,SR13C-DI-EBPM-06:CF:BBA_X_S,0,ao
2095,bba_offset_y,SR13C-DI-EBPM-06:CF:BBA_Y_S,0,ao
2095,bcd_offset_x,SR13C-DI-EBPM-06:CF:BCD_X_S,0,ao
2095,bcd_offset_y,SR13C-DI-EBPM-06:CF:BCD_Y_S,0,ao
2095,golden_offset_x,SR13C-DI-EBPM-06:CF:GOLDEN_X_S,0,ao
2095,golden_offset_y,SR13C-DI-EBPM-06:CF:GOLDEN_Y_S,0,ao
2102,bba_offset_x,SR13C-DI-EBPM-07:CF:BBA_X_S,0,ao
2102,bba_offset_y,SR13C-DI-EBPM-07:CF:BBA_Y_S,0,ao
2102,bcd_offset_x,SR13C-DI-EBPM-07:CF:BCD_X_S,0,ao
2102,bcd_offset_y,SR13C-DI-EBPM-07:CF:BCD_Y_S,0,ao
2102,golden_offset_x,SR13C-DI-EBPM-07:CF:GOLDEN_X_S,0,ao
2102,golden_offset_y,SR13C-DI-EBPM-07:CF:GOLDEN_Y_S,0,ao
2116,bba_offset_x,SR13C-DI-EBPM-08:CF:BBA_X_S,0,ao
2116,bba_offset_y,SR13C-DI-EBPM-08:CF:BBA_Y_S,0,ao
2116,bcd_offset_x,SR13C-DI-EBPM-08:CF:BCD_X_S,0,ao
2116,bcd_offset_y,SR13C-DI-EBPM-08:CF:BCD_Y_S,0,ao
2116,golden_offset_x,SR13C-DI-EBPM-08:CF:GOLDEN_X_S,0,ao
2116,golden_offset_y,SR13C-DI-EBPM-08:CF:GOLDEN_Y_S,0,ao
2130,bba_offset_x,SR13C-DI-EBPM-09:CF:BBA_X_S,0,ao
2130,bba_offset_y,SR13C-DI-EBPM-09:CF:BBA_Y_S,0,ao
2130,bcd_offset_x,SR13C-DI-EBPM-09:CF:BCD_X_S,0,ao
2130,bcd_offset_y,SR13C-DI-EBPM-09:CF:BCD_Y_S,0,ao
2130,golden_offset_x,SR13C-DI-EBPM-09:CF:GOLDEN_X_S,0,ao
2130,golden_offset_y,SR13C-DI-EBPM-09:CF:GOLDEN_Y_S,0,ao
2146,bba_offset_x,SR13C-DI-EBPM-10:CF:BBA_X_S,0,ao
2146,bba_offset_y,SR13C-DI-EBPM-10:CF:BBA_Y_S,0,ao
2146,bcd_offset_x,SR13C-DI-EBPM-10:CF:BCD_X_S,0,ao
2146,bcd_offset_y,SR13C-DI-EBPM-10:CF:BCD_Y_S,0,ao
2146,golden_offset_x,SR13C-DI-EBPM-10:CF:GOLDEN_X_S,0,ao
2146,golden_offset_y,SR13C-DI-EBPM-10:CF:GOLDEN_Y_S,0,ao
2165,bba_offset_x,SR13C-DI-EBPM-11:CF:BBA_X_S,0,ao
2165,bba_offset_y,SR13C-DI-EBPM-11:CF:BBA_Y_S,0,ao
2165,bcd_offset_x,SR13C-DI-EBPM-11:CF:BCD_X_S,0,ao
2165,bcd_offset_y,SR13C-DI-EBPM-11:CF:BCD_Y_S,0,ao
2165,golden_offset_x,SR13C-DI-EBPM-11:CF:GOLDEN_X_S,0,ao
2165,golden_offset_y,SR13C-DI-EBPM-11:CF:GOLDEN_Y_S,0,ao
2181,bba_offset_x,SR14C-DI-EBPM-01:CF:BBA_X_S,0,ao
2181,bba_offset_y,SR14C-DI-EBPM-01:CF:BBA_Y_S,0,ao
2181,bcd_offset_x,SR14C-DI-EBPM-01:CF:BCD_X_S,0,ao
2181,bcd_offset_y,SR14C-DI-EBPM-01:CF:BCD_Y_S,0,ao
2181,golden_offset_x,SR14C-DI-EBPM-01:CF:GOLDEN_X_S,0,ao
2181,golden_offset_y,SR14C-DI-EBPM-01:CF:GOLDEN_Y_S,0,ao
2203,bba_offset_x,SR14C-DI-EBPM-02:CF:BBA_X_S,0,ao
2203,bba_offset_y,SR14C-DI-EBPM-02:CF:BBA_Y_S,0,ao
2203,bcd_offset_x,SR14C-DI-EBPM-02:CF:BCD_X_S,0,ao
2203,bcd_offset_y,SR14C-DI-EBPM-02:CF:BCD_Y_S,0,ao
2203,golden_offset_x,SR14C-DI-EBPM-02:CF:GOLDEN_X_S,0,ao
2203,golden_offset_y,SR14C-DI-EBPM-02:CF:GOLDEN_Y_S,0,ao
2213,bba_offset_x,SR14C-DI-EBPM-03:CF:BBA_X_S,0,ao
2213,bba_offset_y,SR14C-DI-EBPM-03:CF:BBA_Y_S,0,ao
2213,bcd_offset_x,SR14C-DI-EBPM-03:CF:BCD_X_S,0,ao
2213,bcd_offset_y,SR14C-DI-EBPM-03:CF:BCD_Y_S,0,ao
2213,golden_offset_x,SR14C-DI-EBPM-03:CF:GOLDEN_X_S,0,ao
2213,golden_offset_y,SR14C-DI-EBPM-03:CF:GOLDEN_Y_S,0,ao
2233,bba_offset_x,SR14C-DI-EBPM-04:CF:BBA_X_S,0,ao
2233,bba_offset_y,SR14C-DI-EBPM-04:CF:BBA_Y_S,0,ao
2233,bcd_offset_x,SR14C-DI-EBPM-04:CF:BCD_X_S,0,ao
2233,bcd_offset_y,SR14C-DI-EBPM-04:CF:BCD_Y_S,0,ao
2233,golden_offset_x,SR14C-DI-EBPM-04:CF:GOLDEN_X_S,0,ao
2233,golden_offset_y,SR14C-DI-EBPM-04:CF:GOLDEN_Y_S,0,ao
2244,bba_offset_x,SR14C-DI-EBPM-05:CF:BBA_X_S,0,ao
2244,bba_offset_y,SR14C-DI-EBPM-05:CF:BBA_Y_S,0,ao
2244,bcd_offset_x,SR14C-DI-EBPM-05:CF:BCD_X_S,0,ao
2244,bcd_offset_y,SR14C-DI-EBPM-05:CF:BCD_Y_S,0,ao
2244,golden_offset_x,SR14C-DI-EBPM-05:CF:GOLDEN_X_S,0,ao
2244,golden_offset_y,SR14C-DI-EBPM-05:CF:GOLDEN_Y_S,0,ao
2285,bba_offset_x,SR14C-DI-EBPM-06:CF:BBA_X_S,0,ao
2285,bba_offset_y,SR14C-DI-EBPM-06:CF:BBA_Y_S,0,ao
2285,bcd_offset_x,SR14C-DI-EBPM-06:CF:BCD_X_S,0,ao
2285,bcd_offset_y,SR14C-DI-EBPM-06:CF:BCD_Y_S,0,ao
2285,golden_offset_x,SR14C-DI-EBPM-06:CF:GOLDEN_X_S,0,ao
2285,golden_offset_y,SR14C-DI-EBPM-06:CF:GOLDEN_Y_S,0,ao
2299,bba_offset_x,SR14C-DI-EBPM-07:CF:BBA_X_S,0,ao
2299,bba_offset_y,SR14C-DI-EBPM-07:CF:BBA_Y_S,0,ao
2299,bcd_offset_x,SR14C-DI-EBPM-07:CF:BCD_X_S,0,ao
2299,bcd_offset_y,SR14C-DI-EBPM-07:CF:BCD_Y_S,0,ao
2299,golden_offset_x,SR14C-DI-EBPM-07:CF:GOLDEN_X_S,0,ao
2299,golden_offset_y,SR14C-DI-EBPM-07:CF:GOLDEN_Y_S,0,ao
2313,bba_offset_x,SR14C-DI-EBPM-08:CF:BBA_X_S,0,ao
2313,bba_offset_y,SR14C-DI-EBPM-08:CF:BBA_Y_S,0,ao
2313,bcd_offset_x,SR14C-DI-EBPM-08:CF:BCD_X_S,0,ao
2313,bcd_offset_y,SR14C-DI-EBPM-08:CF:BCD_Y_S,0,ao
2313,golden_offset_x,SR14C-DI-EBPM-08:CF:GOLDEN_X_S,0,ao
2313,golden_offset_y,SR14C-DI-EBPM-08:CF:GOLDEN_Y_S,0,ao
2329,bba_offset_x,SR14C-DI-EBPM-09:CF:BBA_X_S,0,ao
2329,bba_offset_y,SR14C-DI-EBPM-09:CF:BBA_Y_S,0,ao
2329,bcd_offset_x,SR14C-DI-EBPM-09:CF:BCD_X_S,0,ao
2329,bcd_offset_y,SR14C-DI-EBPM-09:CF:BCD_Y_S,0,ao
2329,golden_offset_x,SR14C-DI-EBPM-09:CF:GOLDEN_X_S,0,ao
2329,golden_offset_y,SR14C-DI-EBPM-09:CF:GOLDEN_Y_S,0,ao
2348,bba_offset_x,SR14C-DI-EBPM-10:CF:BBA_X_S,0,ao
2348,bba_offset_y,SR14C-DI-EBPM-10:CF:BBA_Y_S,0,ao
2348,bcd_offset_x,SR14C-DI-EBPM-10:CF:BCD_X_S,0,ao
2348,bcd_offset_y,SR14C-DI-EBPM-10:CF:BCD_Y_S,0,ao
2348,golden_offset_x,SR14C-DI-EBPM-10:CF:GOLDEN_X_S,0,ao
2348,golden_offset_y,SR14C-DI-EBPM-10:CF:GOLDEN_Y_S,0,ao
2364,bba_offset_x,SR15C-DI-EBPM-01:CF:BBA_X_S,0,ao
2364,bba_offset_y,SR15C-DI-EBPM-01:CF:BBA_Y_S,0,ao
2364,bcd_offset_x,SR15C-DI-EBPM-01:CF:BCD_X_S,0,ao
2364,bcd_offset_y,SR15C-DI-EBPM-01:CF:BCD_Y_S,0,ao
2364,golden_offset_x,SR15C-DI-EBPM-01:CF:GOLDEN_X_S,0,ao
2364,golden_offset_y,SR15C-DI-EBPM-01:CF:GOLDEN_Y_S,0,ao
2386,bba_offset_x,SR15C-DI-EBPM-02:CF:BBA_X_S,0,ao
2386,bba_offset_y,SR15C-DI-EBPM-02:CF:BBA_Y_S,0,ao
2386,bcd_offset_x,SR15C-DI-EBPM-02:CF:BCD_X_S,0,ao
2386,bcd_offset_y,SR15C-DI-EBPM-02:CF:BCD_Y_S,0,ao
2386,golden_offset_x,SR15C-DI-EBPM-02:CF:GOLDEN_X_S,0,ao
2386,golden_offset_y,SR15C-DI-EBPM-02:CF:GOLDEN_Y_S,0,ao
2396,bba_offset_x,SR15C-DI-EBPM-03:CF:BBA_X_S,0,ao
2396,bba_offset_y,SR15C-DI-EBPM-03:CF:BBA_Y_S,0,ao
2396,bcd_offset_x,SR15C-DI-EBPM-03:CF:BCD_X_S,0,ao
2396,bcd_offset_y,SR15C-DI-EBPM-03:CF:BCD_Y_S,0,ao
2396,golden_offset_x,SR15C-DI-EBPM-03:CF:GOLDEN_X_S,0,ao
2396,golden_offset_y,SR15C-DI-EBPM-03:CF:GOLDEN_Y_S,0,ao
2416,bba_offset_x,SR15C-DI-EBPM-04:CF:BBA_X_S,0,ao
2416,bba_offset_y,SR15C-DI-EBPM-04:CF:BBA_Y_S,0,ao
2416,bcd_offset_x,SR15C-DI-EBPM-04:CF:BCD_X_S,0,ao
2416,bcd_offset_y,SR15C-DI-EBPM-04:CF:BCD_Y_S,0,ao
2416,golden_offset_x,SR15C-DI-EBPM-04:CF:GOLDEN_X_S,0,ao
2416,golden_offset_y,SR15C-DI-EBPM-04:CF:GOLDEN_Y_S,0,ao
2427,bba_offset_x,SR15C-DI-EBPM-05:CF:BBA_X_S,0,ao
2427,bba_offset_y,SR15C-DI-EBPM-05:CF:BBA_Y_S,0,ao
2427,bcd_offset_x,SR15C-DI-EBPM-05:CF:BCD_X_S,0,ao
2427,bcd_offset_y,SR15C-DI-EBPM-05:CF:BCD_Y_S,0,ao
2427,golden_offset_x,SR15C-DI-EBPM-05:CF:GOLDEN_X_S,0,ao
2427,golden_offset_y,SR15C-DI-EBPM-05:CF:GOLDEN_Y_S,0,ao
2435,bba_offset_x,SR15C-DI-EBPM-06:CF:BBA_X_S,0,ao
2435,bba_offset_y,SR15C-DI-EBPM-06:CF:BBA_Y_S,0,ao
2435,bcd_offset_x,SR15C-DI-EBPM-06:CF:BCD_X_S,0,ao
2435,bcd_offset_y,SR15C-DI-EBPM-06:CF:BCD_Y_S,0,ao
2435,golden_offset_x,SR15C-DI-EBPM-06:CF:GOLDEN_X_S,0,ao
2435,golden_offset_y,SR15C-DI-EBPM-06:CF:GOLDEN_Y_S,0,ao
2449,bba_offset_x,SR15C-DI-EBPM-07:CF:BBA_X_S,0,ao
2449,bba_offset_y,SR15C-DI-EBPM-07:CF:BBA_Y_S,0,ao
2449,bcd_offset_x,SR15C-DI-EBPM-07:CF:BCD_X_S,0,ao
2449,bcd_offset_y,SR15C-DI-EBPM-07:CF:BCD_Y_S,0,ao
2449,golden_offset_x,SR15C-DI-EBPM-07:CF:GOLDEN_X_S,0,ao
2449,golden_offset_y,SR15C-DI-EBPM-07:CF:GOLDEN_Y_S,0,ao
2463,bba_offset_x,SR15C-DI-EBPM-08:CF:BBA_X_S,0,ao
2463,bba_offset_y,SR15C-DI-EBPM-08:CF:BBA_Y_S,0,ao
2463,bcd_offset_x,SR15C-DI-EBPM-08:CF:BCD_X_S,0,ao
2463,bcd_offset_y,SR15C-DI-EBPM-08:CF:BCD_Y_S,0,ao
2463,golden_offset_x,SR15C-DI-EBPM-08:CF:GOLDEN_X_S,0,ao
2463,golden_offset_y,SR15C-DI-EBPM-08:CF:GOLDEN_Y_S,0,ao
2479,bba_offset_x,SR15C-DI-EBPM-09:CF:BBA_X_S,0,ao
2479,bba_offset_y,SR15C-DI-EBPM-09:CF:BBA_Y_S,0,ao
2479,bcd_offset_x,SR15C-DI-EBPM-09:CF:BCD_X_S,0,ao
2479,bcd_offset_y,SR15C-DI-EBPM-09:CF:BCD_Y_S,0,ao
2479,golden_offset_x,SR15C-DI-EBPM-09:CF:GOLDEN_X_S,0,ao
2479,golden_offset_y,SR15C-DI-EBPM-09:CF:GOLDEN_Y_S,0,ao
2498,bba_offset_x,SR15C-DI-EBPM-10:CF:BBA_X_S,0,ao
2498,bba_offset_y,SR15C-DI-EBPM-10:CF:BBA_Y_S,0,ao
2498,bcd_offset_x,SR15C-DI-EBPM-10:CF:BCD_X_S,0,ao
2498,bcd_offset_y,SR15C-DI-EBPM-10:CF:BCD_Y_S,0,ao
2498,golden_offset_x,SR15C-DI-EBPM-10:CF:GOLDEN_X_S,0,ao
2498,golden_offset_y,SR15C-DI-EBPM-10:CF:GOLDEN_Y_S,0,ao
2514,bba_offset_x,SR16C-DI-EBPM-01:CF:BBA_X_S,0,ao
2514,bba_offset_y,SR16C-DI-EBPM-01:CF:BBA_Y_S,0,ao
2514,bcd_offset_x,SR16C-DI-EBPM-01:CF:BCD_X_S,0,ao
2514,bcd_offset_y,SR16C-DI-EBPM-01:CF:BCD_Y_S,0,ao
2514,golden_offset_x,SR16C-DI-EBPM-01:CF:GOLDEN_X_S,0,ao
2514,golden_offset_y,SR16C-DI-EBPM-01:CF:GOLDEN_Y_S,0,ao
2536,bba_offset_x,SR16C-DI-EBPM-02:CF:BBA_X_S,0,ao
2536,bba_offset_y,SR16C-DI-EBPM-02:CF:BBA_Y_S,0,ao
2536,bcd_offset_x,SR16C-DI-EBPM-02:CF:BCD_X_S,0,ao
2536,bcd_offset_y,SR16C-DI-EBPM-02:CF:BCD_Y_S,0,ao
2536,golden_offset_x,SR16C-DI-EBPM-02:CF:GOLDEN_X_S,0,ao
2536,golden_offset_y,SR16C-DI-EBPM-02:CF:GOLDEN_Y_S,0,ao
2546,bba_offset_x,SR16C-DI-EBPM-03:CF:BBA_X_S,0,ao
2546,bba_offset_y,SR16C-DI-EBPM-03:CF:BBA_Y_S,0,ao
2546,bcd_offset_x,SR16C-DI-EBPM-03:CF:BCD_X_S,0,ao
2546,bcd_offset_y,SR16C-DI-EBPM-03:CF:BCD_Y_S,0,ao
2546,golden_offset_x,SR16C-DI-EBPM-03:CF:GOLDEN_X_S,0,ao
2546,golden_offset_y,SR16C-DI-EBPM-03:CF:GOLDEN_Y_S,0,ao
2566,bba_offset_x,SR16C-DI-EBPM-04:CF:BBA_X_S,0,ao
2566,bba_offset_y,SR16C-DI-EBPM-04:CF:BBA_Y_S,0,ao
2566,bcd_offset_x,SR16C-DI-EBPM-04:CF:BCD_X_S,0,ao
2566,bcd_offset_y,SR16C-DI-EBPM-04:CF:BCD_Y_S,0,ao
2566,golden_offset_x,SR16C-DI-EBPM-04:CF:GOLDEN_X_S,0,ao
2566,golden_offset_y,SR16C-DI-EBPM-04:CF:GOLDEN_Y_S,0,ao
2577,bba_offset_x,SR16C-DI-EBPM-05:CF:BBA_X_S,0,ao
2577,bba_offset_y,SR16C-DI-EBPM-05:CF:BBA_Y_S,0,ao
2577,bcd_offset_x,SR16C-DI-EBPM-05:CF:BCD_X_S,0,ao
2577,bcd_offset_y,SR16C-DI-EBPM-05:CF:BCD_Y_S,0,ao
2577,golden_offset_x,SR16C-DI-EBPM-05:CF:GOLDEN_X_S,0,ao
2577,golden_offset_y,SR16C-DI-EBPM-05:CF:GOLDEN_Y_S,0,ao
2593,bba_offset_x,SR16C-DI-EBPM-06:CF:BBA_X_S,0,ao
2593,bba_offset_y,SR16C-DI-EBPM-06:CF:BBA_Y_S,0,ao
2593,bcd_offset_x,SR16C-DI-EBPM-06:CF:BCD_X_S,0,ao
2593,bcd_offset_y,SR16C-DI-EBPM-06:CF:BCD_Y_S,0,ao
2593,golden_offset_x,SR16C-DI-EBPM-06:CF:GOLDEN_X_S,0,ao
2593,golden_offset_y,SR16C-DI-EBPM-06:CF:GOLDEN_Y_S,0,ao
2607,bba_offset_x,SR16C-DI-EBPM-07:CF:BBA_X_S,0,ao
2607,bba_offset_y,SR16C-DI-EBPM-07:CF:BBA_Y_S,0,ao
2607,bcd_offset_x,SR16C-DI-EBPM-07:CF:BCD_X_S,0,ao
2607,bcd_offset_y,SR16C-DI-EBPM-07:CF:BCD_Y_S,0,ao
2607,golden_offset_x,SR16C-DI-EBPM-07:CF:GOLDEN_X_S,0,ao
2607,golden_offset_y,SR16C-DI-EBPM-07:CF:GOLDEN_Y_S,0,ao
2621,bba_offset_x,SR16C-DI-EBPM-08:CF:BBA_X_S,0,ao
2621,bba_offset_y,SR16C-DI-EBPM-08:CF:BBA_Y_S,0,ao
2621,bcd_offset_x,SR16C-DI-EBPM-08:CF:BCD_X_S,0,ao
2621,bcd_offset_y,SR16C-DI-EBPM-08:CF:BCD_Y_S,0,ao
2621,golden_offset_x,SR16C-DI-EBPM-08:CF:GOLDEN_X_S,0,ao
2621,golden_offset_y,SR16C-DI-EBPM-08:CF:GOLDEN_Y_S,0,ao
2637,bba_offset_x,SR16C-DI-EBPM-09:CF:BBA_X_S,0,ao
2637,bba_offset_y,SR16C-DI-EBPM-09:CF:BBA_Y_S,0,ao
2637,bcd_offset_x,SR16C-DI-EBPM-09:CF:BCD_X_S,0,ao
2637,bcd_offset_y,SR16C-DI-EBPM-09:CF:BCD_Y_S,0,ao
2637,golden_offset_x,SR16C-DI-EBPM-09:CF:GOLDEN_X_S,0,ao
2637,golden_offset_y,SR16C-DI-EBPM-09:CF:GOLDEN_Y_S,0,ao
2651,bba_offset_x,SR16C-DI-EBPM-10:CF:BBA_X_S,0,ao
2651,bba_offset_y,SR16C-DI-EBPM-10:CF:BBA_Y_S,0,ao
2651,bcd_offset_x,SR16C-DI-EBPM-10:CF:BCD_X_S,0,ao
2651,bcd_offset_y,SR16C-DI-EBPM-10:CF:BCD_Y_S,0,ao
2651,golden_offset_x,SR16C-DI-EBPM-10:CF:GOLDEN_X_S,0,ao
2651,golden_offset_y,SR16C-DI-EBPM-10:CF:GOLDEN_Y_S,0,ao
2662,bba_offset_x,SR16C-DI-EBPM-11:CF:BBA_X_S,0,ao
2662,bba_offset_y,SR16C-DI-EBPM-11:CF:BBA_Y_S,0,ao
2662,bcd_offset_x,SR16C-DI-EBPM-11:CF:BCD_X_S,0,ao
2662,bcd_offset_y,SR16C-DI-EBPM-11:CF:BCD_Y_S,0,ao
2662,golden_offset_x,SR16C-DI-EBPM-11:CF:GOLDEN_X_S,0,ao
2662,golden_offset_y,SR16C-DI-EBPM-11:CF:GOLDEN_Y_S,0,ao
2680,bba_offset_x,SR17C-DI-EBPM-01:CF:BBA_X_S,0,ao
2680,bba_offset_y,SR17C-DI-EBPM-01:CF:BBA_Y_S,0,ao
2680,bcd_offset_x,SR17C-DI-EBPM-01:CF:BCD_X_S,0,ao
2680,bcd_offset_y,SR17C-DI-EBPM-01:CF:BCD_Y_S,0,ao
2680,golden_offset_x,SR17C-DI-EBPM-01:CF:GOLDEN_X_S,0,ao
2680,golden_offset_y,SR17C-DI-EBPM-01:CF:GOLDEN_Y_S,0,ao
2691,bba_offset_x,SR17C-DI-EBPM-02:CF:BBA_X_S,0,ao
2691,bba_offset_y,SR17C-DI-EBPM-02:CF:BBA_Y_S,0,ao
2691,bcd_offset_x,SR17C-DI-EBPM-02:CF:BCD_X_S,0,ao
2691,bcd_offset_y,SR17C-DI-EBPM-02:CF:BCD_Y_S,0,ao
2691,golden_offset_x,SR17C-DI-EBPM-02:CF:GOLDEN_X_S,0,ao
2691,golden_offset_y,SR17C-DI-EBPM-02:CF:GOLDEN_Y_S,0,ao
2708,bba_offset_x,SR17C-DI-EBPM-03:CF:BBA_X_S,0,ao
2708,bba_offset_y,SR17C-DI-EBPM-03:CF:BBA_Y_S,0,ao
2708,bcd_offset_x,SR17C-DI-EBPM-03:CF:BCD_X_S,0,ao
2708,bcd_offset_y,SR17C-DI-EBPM-03:CF:BCD_Y_S,0,ao
2708,golden_offset_x,SR17C-DI-EBPM-03:CF:GOLDEN_X_S,0,ao
2708,golden_offset_y,SR17C-DI-EBPM-03:CF:GOLDEN_Y_S,0,ao
2718,bba_offset_x,SR17C-DI-EBPM-04:CF:BBA_X_S,0,ao
2718,bba_offset_y,SR17C-DI-EBPM-04:CF:BBA_Y_S,0,ao
2718,bcd_offset_x,SR17C-DI-EBPM-04:CF:BCD_X_S,0,ao
2718,bcd_offset_y,SR17C-DI-EBPM-04:CF:BCD_Y_S,0,ao
2718,golden_offset_x,SR17C-DI-EBPM-04:CF:GOLDEN_X_S,0,ao
2718,golden_offset_y,SR17C-DI-EBPM-04:CF:GOLDEN_Y_S,0,ao
2738,bba_offset_x,SR17C-DI-EBPM-05:CF:BBA_X_S,0,ao
2738,bba_offset_y,SR17C-DI-EBPM-05:CF:BBA_Y_S,0,ao
2738,bcd_offset_x,SR17C-DI-EBPM-05:CF:BCD_X_S,0,ao
2738,bcd_offset_y,SR17C-DI-EBPM-05:CF:BCD_Y_S,0,ao
2738,golden_offset_x,SR17C-DI-EBPM-05:CF:GOLDEN_X_S,0,ao
2738,golden_offset_y,SR17C-DI-EBPM-05:CF:GOLDEN_Y_S,0,ao
2749,bba_offset_x,SR17C-DI-EBPM-06:CF:BBA_X_S,0,ao
2749,bba_offset_y,SR17C-DI-EBPM-06:CF:BBA_Y_S,0,ao
2749,bcd_offset_x,SR17C-DI-EBPM-06:CF:BCD_X_S,0,ao
2749,bcd_offset_y,SR17C-DI-EBPM-06:CF:BCD_Y_S,0,ao
2749,golden_offset_x,SR17C-DI-EBPM-06:CF:GOLDEN_X_S,0,ao
2749,golden_offset_y,SR17C-DI-EBPM-06:CF:GOLDEN_Y_S,0,ao
2760,bba_offset_x,SR17C-DI-EBPM-07:CF:BBA_X_S,0,ao
2760,bba_offset_y,SR17C-DI-EBPM-07:CF:BBA_Y_S,0,ao
2760,bcd_offset_x,SR17C-DI-EBPM-07:CF:BCD_X_S,0,ao
2760,bcd_offset_y,SR17C-DI-EBPM-07:CF:BCD_Y_S,0,ao
2760,golden_offset_x,SR17C-DI-EBPM-07:CF:GOLDEN_X_S,0,ao
2760,golden_offset_y,SR17C-DI-EBPM-07:CF:GOLDEN_Y_S,0,ao
2774,bba_offset_x,SR17C-DI-EBPM-08:CF:BBA_X_S,0,ao
2774,bba_offset_y,SR17C-DI-EBPM-08:CF:BBA_Y_S,0,ao
2774,bcd_offset_x,SR17C-DI-EBPM-08:CF:BCD_X_S,0,ao
2774,bcd_offset_y,SR17C-DI-EBPM-08:CF:BCD_Y_S,0,ao
2774,golden_offset_x,SR17C-DI-EBPM-08:CF:GOLDEN_X_S,0,ao
2774,golden_offset_y,SR17C-DI-EBPM-08:CF:GOLDEN_Y_S,0,ao
2788,bba_offset_x,SR17C-DI-EBPM-09:CF:BBA_X_S,0,ao
2788,bba_offset_y,SR17C-DI-EBPM-09:CF:BBA_Y_S,0,ao
2788,bcd_offset_x,SR17C-DI-EBPM-09:CF:BCD_X_S,0,ao
2788,bcd_offset_y,SR17C-DI-EBPM-09:CF:BCD_Y_S,0,ao
2788,golden_offset_x,SR17C-DI-EBPM-09:CF:GOLDEN_X_S,0,ao
2788,golden_offset_y,SR17C-DI-EBPM-09:CF:GOLDEN_Y_S,0,ao
2804,bba_offset_x,SR17C-DI-EBPM-10:CF:BBA_X_S,0,ao
2804,bba_offset_y,SR17C-DI-EBPM-10:CF:BBA_Y_S,0,ao
2804,bcd_offset_x,SR17C-DI-EBPM-10:CF:BCD_X_S,0,ao
2804,bcd_offset_y,SR17C-DI-EBPM-10:CF:BCD_Y_S,0,ao
2804,golden_offset_x,SR17C-DI-EBPM-10:CF:GOLDEN_X_S,0,ao
2804,golden_offset_y,SR17C-DI-EBPM-10:CF:GOLDEN_Y_S,0,ao
2823,bba_offset_x,SR17C-DI-EBPM-11:CF:BBA_X_S,0,ao
2823,bba_offset_y,SR17C-DI-EBPM-11:CF:BBA_Y_S,0,ao
2823,bcd_offset_x,SR17C-DI-EBPM-11:CF:BCD_X_S,0,ao
2823,bcd_offset_y,SR17C-DI-EBPM-11:CF:BCD_Y_S,0,ao
2823,golden_offset_x,SR17C-DI-EBPM-11:CF:GOLDEN_X_S,0,ao
2823,golden_offset_y,SR17C-DI-EBPM-11:CF:GOLDEN_Y_S,0,ao
2839,bba_offset_x,SR18C-DI-EBPM-01:CF:BBA_X_S,0,ao
2839,bba_offset_y,SR18C-DI-EBPM-01:CF:BBA_Y_S,0,ao
2839,bcd_offset_x,SR18C-DI-EBPM-01:CF:BCD_X_S,0,ao
2839,bcd_offset_y,SR18C-DI-EBPM-01:CF:BCD_Y_S,0,ao
2839,golden_offset_x,SR18C-DI-EBPM-01:CF:GOLDEN_X_S,0,ao
2839,golden_offset_y,SR18C-DI-EBPM-01:CF:GOLDEN_Y_S,0,ao
2861,bba_offset_x,SR18C-DI-EBPM-02:CF:BBA_X_S,0,ao
2861,bba_offset_y,SR18C-DI-EBPM-02:CF:BBA_Y_S,0,ao
2861,bcd_offset_x,SR18C-DI-EBPM-02:CF:BCD_X_S,0,ao
2861,bcd_offset_y,SR18C-DI-EBPM-02:CF:BCD_Y_S,0,ao
2861,golden_offset_x,SR18C-DI-EBPM-02:CF:GOLDEN_X_S,0,ao
2861,golden_offset_y,SR18C-DI-EBPM-02:CF:GOLDEN_Y_S,0,ao
2871,bba_offset_x,SR18C-DI-EBPM-03:CF:BBA_X_S,0,ao
2871,bba_offset_y,SR18C-DI-EBPM-03:CF:BBA_Y_S,0,ao
2871,bcd_offset_x,SR18C-DI-EBPM-03:CF:BCD_X_S,0,ao
2871,bcd_offset_y,SR18C-DI-EBPM-03:CF:BCD_Y_S,0,ao
2871,golden_offset_x,SR18C-DI-EBPM-03:CF:GOLDEN_X_S,0,ao
2871,golden_offset_y,SR18C-DI-EBPM-03:CF:GOLDEN_Y_S,0,ao
2891,bba_offset_x,SR18C-DI-EBPM-04:CF:BBA_X_S,0,ao
2891,bba_offset_y,SR18C-DI-EBPM-04:CF:BBA_Y_S,0,ao
2891,bcd_offset_x,SR18C-DI-EBPM-04:CF:BCD_X_S,0,ao
2891,bcd_offset_y,SR18C-DI-EBPM-04:CF:BCD_Y_S,0,ao
2891,golden_offset_x,SR18C-DI-EBPM-04:CF:GOLDEN_X_S,0,ao
2891,golden_offset_y,SR18C-DI-EBPM-04:CF:GOLDEN_Y_S,0,ao
2902,bba_offset_x,SR18C-DI-EBPM-05:CF:BBA_X_S,0,ao
2902,bba_offset_y,SR18C-DI-EBPM-05:CF:BBA_Y_S,0,ao
2902,bcd_offset_x,SR18C-DI-EBPM-05:CF:BCD_X_S,0,ao
2902,bcd_offset_y,SR18C-DI-EBPM-05:CF:BCD_Y_S,0,ao
2902,golden_offset_x,SR18C-DI-EBPM-05:CF:GOLDEN_X_S,0,ao
2902,golden_offset_y,SR18C-DI-EBPM-05:CF:GOLDEN_Y_S,0,ao
2932,bba_offset_x,SR18C-DI-EBPM-06:CF:BBA_X_S,0,ao
2932,bba_offset_y,SR18C-DI-EBPM-06:CF:BBA_Y_S,0,ao
2932,bcd_offset_x,SR18C-DI-EBPM-06:CF:BCD_X_S,0,ao
2932,bcd_offset_y,SR18C-DI-EBPM-06:CF:BCD_Y_S,0,ao
2932,golden_offset_x,SR18C-DI-EBPM-06:CF:GOLDEN_X_S,0,ao
2932,golden_offset_y,SR18C-DI-EBPM-06:CF:GOLDEN_Y_S,0,ao
2946,bba_offset_x,SR18C-DI-EBPM-07:CF:BBA_X_S,0,ao
2946,bba_offset_y,SR18C-DI-EBPM-07:CF:BBA_Y_S,0,ao
2946,bcd_offset_x,SR18C-DI-EBPM-07:CF:BCD_X_S,0,ao
2946,bcd_offset_y,SR18C-DI-EBPM-07:CF:BCD_Y_S,0,ao
2946,golden_offset_x,SR18C-DI-EBPM-07:CF:GOLDEN_X_S,0,ao
2946,golden_offset_y,SR18C-DI-EBPM-07:CF:GOLDEN_Y_S,0,ao
2960,bba_offset_x,SR18C-DI-EBPM-08:CF:BBA_X_S,0,ao
2960,bba_offset_y,SR18C-DI-EBPM-08:CF:BBA_Y_S,0,ao
2960,bcd_offset_x,SR18C-DI-EBPM-08:CF:BCD_X_S,0,ao
2960,bcd_offset_y,SR18C-DI-EBPM-08:CF:BCD_Y_S,0,ao
2960,golden_offset_x,SR18C-DI-EBPM-08:CF:GOLDEN_X_S,0,ao
2960,golden_offset_y,SR18C-DI-EBPM-08:CF:GOLDEN_Y_S,0,ao
2976,bba_offset_x,SR18C-DI-EBPM-09:CF:BBA_X_S,0,ao
2976,bba_offset_y,SR18C-DI-EBPM-09:CF:BBA_Y_S,0,ao
2976,bcd_offset_x,SR18C-DI-EBPM-09:CF:BCD_X_S,0,ao
2976,bcd_offset_y,SR18C-DI-EBPM-09:CF:BCD_Y_S,0,ao
2976,golden_offset_x,SR18C-DI-EBPM-09:CF:GOLDEN_X_S,0,ao
2976,golden_offset_y,SR18C-DI-EBPM-09:CF:GOLDEN_Y_S,0,ao
2995,bba_offset_x,SR18C-DI-EBPM-10:CF:BBA_X_S,0,ao
2995,bba_offset_y,SR18C-DI-EBPM-10:CF:BBA_Y_S,0,ao
2995,bcd_offset_x,SR18C-DI-EBPM-10:CF:BCD_X_S,0,ao
2995,bcd_offset_y,SR18C-DI-EBPM-10:CF:BCD_Y_S,0,ao
2995,golden_offset_x,SR18C-DI-EBPM-10:CF:GOLDEN_X_S,0,ao
2995,golden_offset_y,SR18C-DI-EBPM-10:CF:GOLDEN_Y_S,0,ao
3023,bba_offset_x,SR19C-DI-EBPM-01:CF:BBA_X_S,0,ao
3023,bba_offset_y,SR19C-DI-EBPM-01:CF:BBA_Y_S,0,ao
3023,bcd_offset_x,SR19C-DI-EBPM-01:CF:BCD_X_S,0,ao
3023,bcd_offset_y,SR19C-DI-EBPM-01:CF:BCD_Y_S,0,ao
3023,golden_offset_x,SR19C-DI-EBPM-01:CF:GOLDEN_X_S,0,ao
3023,golden_offset_y,SR19C-DI-EBPM-01:CF:GOLDEN_Y_S,0,ao
3045,bba_offset_x,SR19C-DI-EBPM-02:CF:BBA_X_S,0,ao
3045,bba_offset_y,SR19C-DI-EBPM-02:CF:BBA_Y_S,0,ao
3045,bcd_offset_x,SR19C-DI-EBPM-02:CF:BCD_X_S,0,ao
3045,bcd_offset_y,SR19C-DI-EBPM-02:CF:BCD_Y_S,0,ao
3045,golden_offset_x,SR19C-DI-EBPM-02:CF:GOLDEN_X_S,0,ao
3045,golden_offset_y,SR19C-DI-EBPM-02:CF:GOLDEN_Y_S,0,ao
3055,bba_offset_x,SR19C-DI-EBPM-03:CF:BBA_X_S,0,ao
3055,bba_offset_y,SR19C-DI-EBPM-03:CF:BBA_Y_S,0,ao
3055,bcd_offset_x,SR19C-DI-EBPM-03:CF:BCD_X_S,0,ao
3055,bcd_offset_y,SR19C-DI-EBPM-03:CF:BCD_Y_S,0,ao
3055,golden_offset_x,SR19C-DI-EBPM-03:CF:GOLDEN_X_S,0,ao
3055,golden_offset_y,SR19C-DI-EBPM-03:CF:GOLDEN_Y_S,0,ao
3075,bba_offset_x,SR19C-DI-EBPM-04:CF:BBA_X_S,0,ao
3075,bba_offset_y,SR19C-DI-EBPM-04:CF:BBA_Y_S,0,ao
3075,bcd_offset_x,SR19C-DI-EBPM-04:CF:BCD_X_S,0,ao
3075,bcd_offset_y,SR19C-DI-EBPM-04:CF:BCD_Y_S,0,ao
3075,golden_offset_x,SR19C-DI-EBPM-04:CF:GOLDEN_X_S,0,ao
3075,golden_offset_y,SR19C-DI-EBPM-04:CF:GOLDEN_Y_S,0,ao
3086,bba_offset_x,SR19C-DI-EBPM-05:CF:BBA_X_S,0,ao
3086,bba_offset_y,SR19C-DI-EBPM-05:CF:BBA_Y_S,0,ao
3086,bcd_offset_x,SR19C-DI-EBPM-05:CF:BCD_X_S,0,ao
3086,bcd_offset_y,SR19C-DI-EBPM-05:CF:BCD_Y_S,0,ao
3086,golden_offset_x,SR19C-DI-EBPM-05:CF:GOLDEN_X_S,0,ao
3086,golden_offset_y,SR19C-DI-EBPM-05:CF:GOLDEN_Y_S,0,ao
3093,bba_offset_x,SR19C-DI-EBPM-06:CF:BBA_X_S,0,ao
3093,bba_offset_y,SR19C-DI-EBPM-06:CF:BBA_Y_S,0,ao
3093,bcd_offset_x,SR19C-DI-EBPM-06:CF:BCD_X_S,0,ao
3093,bcd_offset_y,SR19C-DI-EBPM-06:CF:BCD_Y_S,0,ao
3093,golden_offset_x,SR19C-DI-EBPM-06:CF:GOLDEN_X_S,0,ao
3093,golden_offset_y,SR19C-DI-EBPM-06:CF:GOLDEN_Y_S,0,ao
3107,bba_offset_x,SR19C-DI-EBPM-07:CF:BBA_X_S,0,ao
3107,bba_offset_y,SR19C-DI-EBPM-07:CF:BBA_Y_S,0,ao
3107,bcd_offset_x,SR19C-DI-EBPM-07:CF:BCD_X_S,0,ao
3107,bcd_offset_y,SR19C-DI-EBPM-07:CF:BCD_Y_S,0,ao
3107,golden_offset_x,SR19C-DI-EBPM-07:CF:GOLDEN_X_S,0,ao
3107,golden_offset_y,SR19C-DI-EBPM-07:CF:GOLDEN_Y_S,0,ao
3121,bba_offset_x,SR19C-DI-EBPM-08:CF:BBA_X_S,0,ao
3121,bba_offset_y,SR19C-DI-EBPM-08:CF:BBA_Y_S,0,ao
3121,bcd_offset_x,SR19C-DI-EBPM-08:CF:BCD_X_S,0,ao
3121,bcd_offset_y,SR19C-DI-EBPM-08:CF:BCD_Y_S,0,ao
3121,golden_offset_x,SR19C-DI-EBPM-08:CF:GOLDEN_X_S,0,ao
3121,golden_offset_y,SR19C-DI-EBPM-08:CF:GOLDEN_Y_S,0,ao
3137,bba_offset_x,SR19C-DI-EBPM-09:CF:BBA_X_S,0,ao
3137,bba_offset_y,SR19C-DI-EBPM-09:CF:BBA_Y_S,0,ao
3137,bcd_offset_x,SR19C-DI-EBPM-09:CF:BCD_X_S,0,ao
3137,bcd_offset_y,SR19C-DI-EBPM-09:CF:BCD_Y_S,0,ao
3137,golden_offset_x,SR19C-DI-EBPM-09:CF:GOLDEN_X_S,0,ao
3137,golden_offset_y,SR19C-DI-EBPM-09:CF:GOLDEN_Y_S,0,ao
3156,bba_offset_x,SR19C-DI-EBPM-10:CF:BBA_X_S,0,ao
3156,bba_offset_y,SR19C-DI-EBPM-10:CF:BBA_Y_S,0,ao
3156,bcd_offset_x,SR19C-DI-EBPM-10:CF:BCD_X_S,0,ao
3156,bcd_offset_y,SR19C-DI-EBPM-10:CF:BCD_Y_S,0,ao
3156,golden_offset_x,SR19C-DI-EBPM-10:CF:GOLDEN_X_S,0,ao
3156,golden_offset_y,SR19C-DI-EBPM-10:CF:GOLDEN_Y_S,0,ao
3187,bba_offset_x,SR20C-DI-EBPM-01:CF:BBA_X_S,0,ao
3187,bba_offset_y,SR20C-DI-EBPM-01:CF:BBA_Y_S,0,ao
3187,bcd_offset_x,SR20C-DI-EBPM-01:CF:BCD_X_S,0,ao
3187,bcd_offset_y,SR20C-DI-EBPM-01:CF:BCD_Y_S,0,ao
3187,golden_offset_x,SR20C-DI-EBPM-01:CF:GOLDEN_X_S,0,ao
3187,golden_offset_y,SR20C-DI-EBPM-01:CF:GOLDEN_Y_S,0,ao
3209,bba_offset_x,SR20C-DI-EBPM-02:CF:BBA_X_S,0,ao
3209,bba_offset_y,SR20C-DI-EBPM-02:CF:BBA_Y_S,0,ao
3209,bcd_offset_x,SR20C-DI-EBPM-02:CF:BCD_X_S,0,ao
3209,bcd_offset_y,SR20C-DI-EBPM-02:CF:BCD_Y_S,0,ao
3209,golden_offset_x,SR20C-DI-EBPM-02:CF:GOLDEN_X_S,0,ao
3209,golden_offset_y,SR20C-DI-EBPM-02:CF:GOLDEN_Y_S,0,ao
3219,bba_offset_x,SR20C-DI-EBPM-03:CF:BBA_X_S,0,ao
3219,bba_offset_y,SR20C-DI-EBPM-03:CF:BBA_Y_S,0,ao
3219,bcd_offset_x,SR20C-DI-EBPM-03:CF:BCD_X_S,0,ao
3219,bcd_offset_y,SR20C-DI-EBPM-03:CF:BCD_Y_S,0,ao
3219,golden_offset_x,SR20C-DI-EBPM-03:CF:GOLDEN_X_S,0,ao
3219,golden_offset_y,SR20C-DI-EBPM-03:CF:GOLDEN_Y_S,0,ao
3239,bba_offset_x,SR20C-DI-EBPM-04:CF:BBA_X_S,0,ao
3239,bba_offset_y,SR20C-DI-EBPM-04:CF:BBA_Y_S,0,ao
3239,bcd_offset_x,SR20C-DI-EBPM-04:CF:BCD_X_S,0,ao
3239,bcd_offset_y,SR20C-DI-EBPM-04:CF:BCD_Y_S,0,ao
3239,golden_offset_x,SR20C-DI-EBPM-04:CF:GOLDEN_X_S,0,ao
3239,golden_offset_y,SR20C-DI-EBPM-04:CF:GOLDEN_Y_S,0,ao
3250,bba_offset_x,SR20C-DI-EBPM-05:CF:BBA_X_S,0,ao
3250,bba_offset_y,SR20C-DI-EBPM-05:CF:BBA_Y_S,0,ao
3250,bcd_offset_x,SR20C-DI-EBPM-05:CF:BCD_X_S,0,ao
3250,bcd_offset_y,SR20C-DI-EBPM-05:CF:BCD_Y_S,0,ao
3250,golden_offset_x,SR20C-DI-EBPM-05:CF:GOLDEN_X_S,0,ao
3250,golden_offset_y,SR20C-DI-EBPM-05:CF:GOLDEN_Y_S,0,ao
3261,bba_offset_x,SR20C-DI-EBPM-06:CF:BBA_X_S,0,ao
3261,bba_offset_y,SR20C-DI-EBPM-06:CF:BBA_Y_S,0,ao
3261,bcd_offset_x,SR20C-DI-EBPM-06:CF:BCD_X_S,0,ao
3261,bcd_offset_y,SR20C-DI-EBPM-06:CF:BCD_Y_S,0,ao
3261,golden_offset_x,SR20C-DI-EBPM-06:CF:GOLDEN_X_S,0,ao
3261,golden_offset_y,SR20C-DI-EBPM-06:CF:GOLDEN_Y_S,0,ao
3275,bba_offset_x,SR20C-DI-EBPM-07:CF:BBA_X_S,0,ao
3275,bba_offset_y,SR20C-DI-EBPM-07:CF:BBA_Y_S,0,ao
3275,bcd_offset_x,SR20C-DI-EBPM-07:CF:BCD_X_S,0,ao
3275,bcd_offset_y,SR20C-DI-EBPM-07:CF:BCD_Y_S,0,ao
3275,golden_offset_x,SR20C-DI-EBPM-07:CF:GOLDEN_X_S,0,ao
3275,golden_offset_y,SR20C-DI-EBPM-07:CF:GOLDEN_Y_S,0,ao
3289,bba_offset_x,SR20C-DI-EBPM-08:CF:BBA_X_S,0,ao
3289,bba_offset_y,SR20C-DI-EBPM-08:CF:BBA_Y_S,0,ao
3289,bcd_offset_x,SR20C-DI-EBPM-08:CF:BCD_X_S,0,ao
3289,bcd_offset_y,SR20C-DI-EBPM-08:CF:BCD_Y_S,0,ao
3289,golden_offset_x,SR20C-DI-EBPM-08:CF:GOLDEN_X_S,0,ao
3289,golden_offset_y,SR20C-DI-EBPM-08:CF:GOLDEN_Y_S,0,ao
3305,bba_offset_x,SR20C-DI-EBPM-09:CF:BBA_X_S,0,ao
3305,bba_offset_y,SR20C-DI-EBPM-09:CF:BBA_Y_S,0,ao
3305,bcd_offset_x,SR20C-DI-EBPM-09:CF:BCD_X_S,0,ao
3305,bcd_offset_y,SR20C-DI-EBPM-09:CF:BCD_Y_S,0,ao
3305,golden_offset_x,SR20C-DI-EBPM-09:CF:GOLDEN_X_S,0,ao
3305,golden_offset_y,SR20C-DI-EBPM-09:CF:GOLDEN_Y_S,0,ao
3319,bba_offset_x,SR20C-DI-EBPM-10:CF:BBA_X_S,0,ao
3319,bba_offset_y,SR20C-DI-EBPM-10:CF:BBA_Y_S,0,ao
3319,bcd_offset_x,SR20C-DI-EBPM-10:CF:BCD_X_S,0,ao
3319,bcd_offset_y,SR20C-DI-EBPM-10:CF:BCD_Y_S,0,ao
3319,golden_offset_x,SR20C-DI-EBPM-10:CF:GOLDEN_X_S,0,ao
3319,golden_offset_y,SR20C-DI-EBPM-10:CF:GOLDEN_Y_S,0,ao
3330,bba_offset_x,SR20C-DI-EBPM-11:CF:BBA_X_S,0,ao
3330,bba_offset_y,SR20C-DI-EBPM-11:CF:BBA_Y_S,0,ao
3330,bcd_offset_x,SR20C-DI-EBPM-11:CF:BCD_X_S,0,ao
3330,bcd_offset_y,SR20C-DI-EBPM-11:CF:BCD_Y_S,0,ao
3330,golden_offset_x,SR20C-DI-EBPM-11:CF:GOLDEN_X_S,0,ao
3330,golden_offset_y,SR20C-DI-EBPM-11:CF:GOLDEN_Y_S,0,ao
3348,bba_offset_x,SR21C-DI-EBPM-01:CF:BBA_X_S,0,ao
3348,bba_offset_y,SR21C-DI-EBPM-01:CF:BBA_Y_S,0,ao
3348,bcd_offset_x,SR21C-DI-EBPM-01:CF:BCD_X_S,0,ao
3348,bcd_offset_y,SR21C-DI-EBPM-01:CF:BCD_Y_S,0,ao
3348,golden_offset_x,SR21C-DI-EBPM-01:CF:GOLDEN_X_S,0,ao
3348,golden_offset_y,SR21C-DI-EBPM-01:CF:GOLDEN_Y_S,0,ao
3359,bba_offset_x,SR21C-DI-EBPM-02:CF:BBA_X_S,0,ao
3359,bba_offset_y,SR21C-DI-EBPM-02:CF:BBA_Y_S,0,ao
3359,bcd_offset_x,SR21C-DI-EBPM-02:CF:BCD_X_S,0,ao
3359,bcd_offset_y,SR21C-DI-EBPM-02:CF:BCD_Y_S,0,ao
3359,golden_offset_x,SR21C-DI-EBPM-02:CF:GOLDEN_X_S,0,ao
3359,golden_offset_y,SR21C-DI-EBPM-02:CF:GOLDEN_Y_S,0,ao
3376,bba_offset_x,SR21C-DI-EBPM-03:CF:BBA_X_S,0,ao
3376,bba_offset_y,SR21C-DI-EBPM-03:CF:BBA_Y_S,0,ao
3376,bcd_offset_x,SR21C-DI-EBPM-03:CF:BCD_X_S,0,ao
3376,bcd_offset_y,SR21C-DI-EBPM-03:CF:BCD_Y_S,0,ao
3376,golden_offset_x,SR21C-DI-EBPM-03:CF:GOLDEN_X_S,0,ao
3376,golden_offset_y,SR21C-DI-EBPM-03:CF:GOLDEN_Y_S,0,ao
3386,bba_offset_x,SR21C-DI-EBPM-04:CF:BBA_X_S,0,ao
3386,bba_offset_y,SR21C-DI-EBPM-04:CF:BBA_Y_S,0,ao
3386,bcd_offset_x,SR21C-DI-EBPM-04:CF:BCD_X_S,0,ao
3386,bcd_offset_y,SR21C-DI-EBPM-04:CF:BCD_Y_S,0,ao
3386,golden_offset_x,SR21C-DI-EBPM-04:CF:GOLDEN_X_S,0,ao
3386,golden_offset_y,SR21C-DI-EBPM-04:CF:GOLDEN_Y_S,0,ao
3406,bba_offset_x,SR21C-DI-EBPM-05:CF:BBA_X_S,0,ao
3406,bba_offset_y,SR21C-DI-EBPM-05:CF:BBA_Y_S,0,ao
3406,bcd_offset_x,SR21C-DI-EBPM-05:CF:BCD_X_S,0,ao
3406,bcd_offset_y,SR21C-DI-EBPM-05:CF:BCD_Y_S,0,ao
3406,golden_offset_x,SR21C-DI-EBPM-05:CF:GOLDEN_X_S,0,ao
3406,golden_offset_y,SR21C-DI-EBPM-05:CF:GOLDEN_Y_S,0,ao
3417,bba_offset_x,SR21C-DI-EBPM-06:CF:BBA_X_S,0,ao
3417,bba_offset_y,SR21C-DI-EBPM-06:CF:BBA_Y_S,0,ao
3417,bcd_offset_x,SR21C-DI-EBPM-06:CF:BCD_X_S,0,ao
3417,bcd_offset_y,SR21C-DI-EBPM-06:CF:BCD_Y_S,0,ao
3417,golden_offset_x,SR21C-DI-EBPM-06:CF:GOLDEN_X_S,0,ao
3417,golden_offset_y,SR21C-DI-EBPM-06:CF:GOLDEN_Y_S,0,ao
3433,bba_offset_x,SR21C-DI-EBPM-07:CF:BBA_X_S,0,ao
3433,bba_offset_y,SR21C-DI-EBPM-07:CF:BBA_Y_S,0,ao
3433,bcd_offset_x,SR21C-DI-EBPM-07:CF:BCD_X_S,0,ao
3433,bcd_offset_y,SR21C-DI-EBPM-07:CF:BCD_Y_S,0,ao
3433,golden_offset_x,SR21C-DI-EBPM-07:CF:GOLDEN_X_S,0,ao
3433,golden_offset_y,SR21C-DI-EBPM-07:CF:GOLDEN_Y_S,0,ao
3447,bba_offset_x,SR21C-DI-EBPM-08:CF:BBA_X_S,0,ao
3447,bba_offset_y,SR21C-DI-EBPM-08:CF:BBA_Y_S,0,ao
3447,bcd_offset_x,SR21C-DI-EBPM-08:CF:BCD_X_S,0,ao
3447,bcd_offset_y,SR21C-DI-EBPM-08:CF:BCD_Y_S,0,ao
3447,golden_offset_x,SR21C-DI-EBPM-08:CF:GOLDEN_X_S,0,ao
3447,golden_offset_y,SR21C-DI-EBPM-08:CF:GOLDEN_Y_S,0,ao
3461,bba_offset_x,SR21C-DI-EBPM-09:CF:BBA_X_S,0,ao
3461,bba_offset_y,SR21C-DI-EBPM-09:CF:BBA_Y_S,0,ao
3461,bcd_offset_x,SR21C-DI-EBPM-09:CF:BCD_X_S,0,ao
3461,bcd_offset_y,SR21C-DI-EBPM-09:CF:BCD_Y_S,0,ao
3461,golden_offset_x,SR21C-DI-EBPM-09:CF:GOLDEN_X_S,0,ao
3461,golden_offset_y,SR21C-DI-EBPM-09:CF:GOLDEN_Y_S,0,ao
3477,bba_offset_x,SR21C-DI-EBPM-10:CF:BBA_X_S,0,ao
3477,bba_offset_y,SR21C-DI-EBPM-10:CF:BBA_Y_S,0,ao
3477,bcd_offset_x,SR21C-DI-EBPM-10:CF:BCD_X_S,0,ao
3477,bcd_offset_y,SR21C-DI-EBPM-10:CF:BCD_Y_S,0,ao
3477,golden_offset_x,SR21C-DI-EBPM-10:CF:GOLDEN_X_S,0,ao
3477,golden_offset_y,SR21C-DI-EBPM-10:CF:GOLDEN_Y_S,0,ao
3496,bba_offset_x,SR21C-DI-EBPM-11:CF:BBA_X_S,0,ao
3496,bba_offset_y,SR21C-DI-EBPM-11:CF:BBA_Y_S,0,ao
3496,bcd_offset_x,SR21C-DI-EBPM-11:CF:BCD_X_S,0,ao
3496,bcd_offset_y,SR21C-DI-EBPM-11:CF:BCD_Y_S,0,ao
3496,golden_offset_x,SR21C-DI-EBPM-11:CF:GOLDEN_X_S,0,ao
3496,golden_offset_y,SR21C-DI-EBPM-11:CF:GOLDEN_Y_S,0,ao
3512,bba_offset_x,SR22C-DI-EBPM-01:CF:BBA_X_S,0,ao
3512,bba_offset_y,SR22C-DI-EBPM-01:CF:BBA_Y_S,0,ao
3512,bcd_offset_x,SR22C-DI-EBPM-01:CF:BCD_X_S,0,ao
3512,bcd_offset_y,SR22C-DI-EBPM-01:CF:BCD_Y_S,0,ao
3512,golden_offset_x,SR22C-DI-EBPM-01:CF:GOLDEN_X_S,0,ao
3512,golden_offset_y,SR22C-DI-EBPM-01:CF:GOLDEN_Y_S,0,ao
3534,bba_offset_x,SR22C-DI-EBPM-02:CF:BBA_X_S,0,ao
3534,bba_offset_y,SR22C-DI-EBPM-02:CF:BBA_Y_S,0,ao
3534,bcd_offset_x,SR22C-DI-EBPM-02:CF:BCD_X_S,0,ao
3534,bcd_offset_y,SR22C-DI-EBPM-02:CF:BCD_Y_S,0,ao
3534,golden_offset_x,SR22C-DI-EBPM-02:CF:GOLDEN_X_S,0,ao
3534,golden_offset_y,SR22C-DI-EBPM-02:CF:GOLDEN_Y_S,0,ao
3544,bba_offset_x,SR22C-DI-EBPM-03:CF:BBA_X_S,0,ao
3544,bba_offset_y,SR22C-DI-EBPM-03:CF:BBA_Y_S,0,ao
3544,bcd_offset_x,SR22C-DI-EBPM-03:CF:BCD_X_S,0,ao
3544,bcd_offset_y,SR22C-DI-EBPM-03:CF:BCD_Y_S,0,ao
3544,golden_offset_x,SR22C-DI-EBPM-03:CF:GOLDEN_X_S,0,ao
3544,golden_offset_y,SR22C-DI-EBPM-03:CF:GOLDEN_Y_S,0,ao
3564,bba_offset_x,SR22C-DI-EBPM-04:CF:BBA_X_S,0,ao
3564,bba_offset_y,SR22C-DI-EBPM-04:CF:BBA_Y_S,0,ao
3564,bcd_offset_x,SR22C-DI-EBPM-04:CF:BCD_X_S,0,ao
3564,bcd_offset_y,SR22C-DI-EBPM-04:CF:BCD_Y_S,0,ao
3564,golden_offset_x,SR22C-DI-EBPM-04:CF:GOLDEN_X_S,0,ao
3564,golden_offset_y,SR22C-DI-EBPM-04:CF:GOLDEN_Y_S,0,ao
3575,bba_offset_x,SR22C-DI-EBPM-05:CF:BBA_X_S,0,ao
3575,bba_offset_y,SR22C-DI-EBPM-05:CF:BBA_Y_S,0,ao
3575,bcd_offset_x,SR22C-DI-EBPM-05:CF:BCD_X_S,0,ao
3575,bcd_offset_y,SR22C-DI-EBPM-05:CF:BCD_Y_S,0,ao
3575,golden_offset_x,SR22C-DI-EBPM-05:CF:GOLDEN_X_S,0,ao
3575,golden_offset_y,SR22C-DI-EBPM-05:CF:GOLDEN_Y_S,0,ao
3582,bba_offset_x,SR22C-DI-EBPM-06:CF:BBA_X_S,0,ao
3582,bba_offset_y,SR22C-DI-EBPM-06:CF:BBA_Y_S,0,ao
3582,bcd_offset_x,SR22C-DI-EBPM-06:CF:BCD_X_S,0,ao
3582,bcd_offset_y,SR22C-DI-EBPM-06:CF:BCD_Y_S,0,ao
3582,golden_offset_x,SR22C-DI-EBPM-06:CF:GOLDEN_X_S,0,ao
3582,golden_offset_y,SR22C-DI-EBPM-06:CF:GOLDEN_Y_S,0,ao
3596,bba_offset_x,SR22C-DI-EBPM-07:CF:BBA_X_S,0,ao
3596,bba_offset_y,SR22C-DI-EBPM-07:CF:BBA_Y_S,0,ao
3596,bcd_offset_x,SR22C-DI-EBPM-07:CF:BCD_X_S,0,ao
3596,bcd_offset_y,SR22C-DI-EBPM-07:CF:BCD_Y_S,0,ao
3596,golden_offset_x,SR22C-DI-EBPM-07:CF:GOLDEN_X_S,0,ao
3596,golden_offset_y,SR22C-DI-EBPM-07:CF:GOLDEN_Y_S,0,ao
3610,bba_offset_x,SR22C-DI-EBPM-08:CF:BBA_X_S,0,ao
3610,bba_offset_y,SR22C-DI-EBPM-08:CF:BBA_Y_S,0,ao
3610,bcd_offset_x,SR22C-DI-EBPM-08:CF:BCD_X_S,0,ao
3610,bcd_offset_y,SR22C-DI-EBPM-08:CF:BCD_Y_S,0,ao
3610,golden_offset_x,SR22C-DI-EBPM-08:CF:GOLDEN_X_S,0,ao
3610,golden_offset_y,SR22C-DI-EBPM-08:CF:GOLDEN_Y_S,0,ao
3626,bba_offset_x,SR22C-DI-EBPM-09:CF:BBA_X_S,0,ao
3626,bba_offset_y,SR22C-DI-EBPM-09:CF:BBA_Y_S,0,ao
3626,bcd_offset_x,SR22C-DI-EBPM-09:CF:BCD_X_S,0,ao
3626,bcd_offset_y,SR22C-DI-EBPM-09:CF:BCD_Y_S,0,ao
3626,golden_offset_x,SR22C-DI-EBPM-09:CF:GOLDEN_X_S,0,ao
3626,golden_offset_y,SR22C-DI-EBPM-09:CF:GOLDEN_Y_S,0,ao
3645,bba_offset_x,SR22C-DI-EBPM-10:CF:BBA_X_S,0,ao
3645,bba_offset_y,SR22C-DI-EBPM-10:CF:BBA_Y_S,0,ao
3645,bcd_offset_x,SR22C-DI-EBPM-10:CF:BCD_X_S,0,ao
3645,bcd_offset_y,SR22C-DI-EBPM-10:CF:BCD_Y_S,0,ao
3645,golden_offset_x,SR22C-DI-EBPM-10:CF:GOLDEN_X_S,0,ao
3645,golden_offset_y,SR22C-DI-EBPM-10:CF:GOLDEN_Y_S,0,ao
3661,bba_offset_x,SR23C-DI-EBPM-01:CF:BBA_X_S,0,ao
3661,bba_offset_y,SR23C-DI-EBPM-01:CF:BBA_Y_S,0,ao
3661,bcd_offset_x,SR23C-DI-EBPM-01:CF:BCD_X_S,0,ao
3661,bcd_offset_y,SR23C-DI-EBPM-01:CF:BCD_Y_S,0,ao
3661,golden_offset_x,SR23C-DI-EBPM-01:CF:GOLDEN_X_S,0,ao
3661,golden_offset_y,SR23C-DI-EBPM-01:CF:GOLDEN_Y_S,0,ao
3683,bba_offset_x,SR23C-DI-EBPM-02:CF:BBA_X_S,0,ao
3683,bba_offset_y,SR23C-DI-EBPM-02:CF:BBA_Y_S,0,ao
3683,bcd_offset_x,SR23C-DI-EBPM-02:CF:BCD_X_S,0,ao
3683,bcd_offset_y,SR23C-DI-EBPM-02:CF:BCD_Y_S,0,ao
3683,golden_offset_x,SR23C-DI-EBPM-02:CF:GOLDEN_X_S,0,ao
3683,golden_offset_y,SR23C-DI-EBPM-02:CF:GOLDEN_Y_S,0,ao
3693,bba_offset_x,SR23C-DI-EBPM-03:CF:BBA_X_S,0,ao
3693,bba_offset_y,SR23C-DI-EBPM-03:CF:BBA_Y_S,0,ao
3693,bcd_offset_x,SR23C-DI-EBPM-03:CF:BCD_X_S,0,ao
3693,bcd_offset_y,SR23C-DI-EBPM-03:CF:BCD_Y_S,0,ao
3693,golden_offset_x,SR23C-DI-EBPM-03:CF:GOLDEN_X_S,0,ao
3693,golden_offset_y,SR23C-DI-EBPM-03:CF:GOLDEN_Y_S,0,ao
3713,bba_offset_x,SR23C-DI-EBPM-04:CF:BBA_X_S,0,ao
3713,bba_offset_y,SR23C-DI-EBPM-04:CF:BBA_Y_S,0,ao
3713,bcd_offset_x,SR23C-DI-EBPM-04:CF:BCD_X_S,0,ao
3713,bcd_offset_y,SR23C-DI-EBPM-04:CF:BCD_Y_S,0,ao
3713,golden_offset_x,SR23C-DI-EBPM-04:CF:GOLDEN_X_S,0,ao
3713,golden_offset_y,SR23C-DI-EBPM-04:CF:GOLDEN_Y_S,0,ao
3724,bba_offset_x,SR23C-DI-EBPM-05:CF:BBA_X_S,0,ao
3724,bba_offset_y,SR23C-DI-EBPM-05:CF:BBA_Y_S,0,ao
3724,bcd_offset_x,SR23C-DI-EBPM-05:CF:BCD_X_S,0,ao
3724,bcd_offset_y,SR23C-DI-EBPM-05:CF:BCD_Y_S,0,ao
3724,golden_offset_x,SR23C-DI-EBPM-05:CF:GOLDEN_X_S,0,ao
3724,golden_offset_y,SR23C-DI-EBPM-05:CF:GOLDEN_Y_S,0,ao
3731,bba_offset_x,SR23C-DI-EBPM-06:CF:BBA_X_S,0,ao
3731,bba_offset_y,SR23C-DI-EBPM-06:CF:BBA_Y_S,0,ao
3731,bcd_offset_x,SR23C-DI-EBPM-06:CF:BCD_X_S,0,ao
3731,bcd_offset_y,SR23C-DI-EBPM-06:CF:BCD_Y_S,0,ao
3731,golden_offset_x,SR23C-DI-EBPM-06:CF:GOLDEN_X_S,0,ao
3731,golden_offset_y,SR23C-DI-EBPM-06:CF:GOLDEN_Y_S,0,ao
3745,bba_offset_x,SR23C-DI-EBPM-07:CF:BBA_X_S,0,ao
3745,bba_offset_y,SR23C-DI-EBPM-07:CF:BBA_Y_S,0,ao
3745,bcd_offset_x,SR23C-DI-EBPM-07:CF:BCD_X_S,0,ao
3745,bcd_offset_y,SR23C-DI-EBPM-07:CF:BCD_Y_S,0,ao
3745,golden_offset_x,SR23C-DI-EBPM-07:CF:GOLDEN_X_S,0,ao
3745,golden_offset_y,SR23C-DI-EBPM-07:CF:GOLDEN_Y_S,0,ao
3759,bba_offset_x,SR23C-DI-EBPM-08:CF:BBA_X_S,0,ao
3759,bba_offset_y,SR23C-DI-EBPM-08:CF:BBA_Y_S,0,ao
3759,bcd_offset_x,SR23C-DI-EBPM-08:CF:BCD_X_S,0,ao
3759,bcd_offset_y,SR23C-DI-EBPM-08:CF:BCD_Y_S,0,ao
3759,golden_offset_x,SR23C-DI-EBPM-08:CF:GOLDEN_X_S,0,ao
3759,golden_offset_y,SR23C-DI-EBPM-08:CF:GOLDEN_Y_S,0,ao
3775,bba_offset_x,SR23C-DI-EBPM-09:CF:BBA_X_S,0,ao
3775,bba_offset_y,SR23C-DI-EBPM-09:CF:BBA_Y_S,0,ao
3775,bcd_offset_x,SR23C-DI-EBPM-09:CF:BCD_X_S,0,ao
3775,bcd_offset_y,SR23C-DI-EBPM-09:CF:BCD_Y_S,0,ao
3775,golden_offset_x,SR23C-DI-EBPM-09:CF:GOLDEN_X_S,0,ao
3775,golden_offset_y,SR23C-DI-EBPM-09:CF:GOLDEN_Y_S,0,ao
3794,bba_offset_x,SR23C-DI-EBPM-10:CF:BBA_X_S,0,ao
3794,bba_offset_y,SR23C-DI-EBPM-10:CF:BBA_Y_S,0,ao
3794,bcd_offset_x,SR23C-DI-EBPM-10:CF:BCD_X_S,0,ao
3794,bcd_offset_y,SR23C-DI-EBPM-10:CF:BCD_Y_S,0,ao
3794,golden_offset_x,SR23C-DI-EBPM-10:CF:GOLDEN_X_S,0,ao
3794,golden_offset_y,SR23C-DI-EBPM-10:CF:GOLDEN_Y_S,0,ao
3822,bba_offset_x,SR24C-DI-EBPM-01:CF:BBA_X_S,0,ao
3822,bba_offset_y,SR24C-DI-EBPM-01:CF:BBA_Y_S,0,ao
3822,bcd_offset_x,SR24C-DI-EBPM-01:CF:BCD_X_S,0,ao
3822,bcd_offset_y,SR24C-DI-EBPM-01:CF:BCD_Y_S,0,ao
3822,golden_offset_x,SR24C-DI-EBPM-01:CF:GOLDEN_X_S,0,ao
3822,golden_offset_y,SR24C-DI-EBPM-01:CF:GOLDEN_Y_S,0,ao
3844,bba_offset_x,SR24C-DI-EBPM-02:CF:BBA_X_S,0,ao
3844,bba_offset_y,SR24C-DI-EBPM-02:CF:BBA_Y_S,0,ao
3844,bcd_offset_x,SR24C-DI-EBPM-02:CF:BCD_X_S,0,ao
3844,bcd_offset_y,SR24C-DI-EBPM-02:CF:BCD_Y_S,0,ao
3844,golden_offset_x,SR24C-DI-EBPM-02:CF:GOLDEN_X_S,0,ao
3844,golden_offset_y,SR24C-DI-EBPM-02:CF:GOLDEN_Y_S,0,ao
3854,bba_offset_x,SR24C-DI-EBPM-03:CF:BBA_X_S,0,ao
3854,bba_offset_y,SR24C-DI-EBPM-03:CF:BBA_Y_S,0,ao
3854,bcd_offset_x,SR24C-DI-EBPM-03:CF:BCD_X_S,0,ao
3854,bcd_offset_y,SR24C-DI-EBPM-03:CF:BCD_Y_S,0,ao
3854,golden_offset_x,SR24C-DI-EBPM-03:CF:GOLDEN_X_S,0,ao
3854,golden_offset_y,SR24C-DI-EBPM-03:CF:GOLDEN_Y_S,0,ao
3874,bba_offset_x,SR24C-DI-EBPM-04:CF:BBA_X_S,0,ao
3874,bba_offset_y,SR24C-DI-EBPM-04:CF:BBA_Y_S,0,ao
3874,bcd_offset_x,SR24C-DI-EBPM-04:CF:BCD_X_S,0,ao
3874,bcd_offset_y,SR24C-DI-EBPM-04:CF:BCD_Y_S,0,ao
3874,golden_offset_x,SR24C-DI-EBPM-04:CF:GOLDEN_X_S,0,ao
3874,golden_offset_y,SR24C-DI-EBPM-04:CF:GOLDEN_Y_S,0,ao
3885,bba_offset_x,SR24C-DI-EBPM-05:CF:BBA_X_S,0,ao
3885,bba_offset_y,SR24C-DI-EBPM-05:CF:BBA_Y_S,0,ao
3885,bcd_offset_x,SR24C-DI-EBPM-05:CF:BCD_X_S,0,ao
3885,bcd_offset_y,SR24C-DI-EBPM-05:CF:BCD_Y_S,0,ao
3885,golden_offset_x,SR24C-DI-EBPM-05:CF:GOLDEN_X_S,0,ao
3885,golden_offset_y,SR24C-DI-EBPM-05:CF:GOLDEN_Y_S,0,ao
3892,bba_offset_x,SR24C-DI-EBPM-06:CF:BBA_X_S,0,ao
3892,bba_offset_y,SR24C-DI-EBPM-06:CF:BBA_Y_S,0,ao
3892,bcd_offset_x,SR24C-DI-EBPM-06:CF:BCD_X_S,0,ao
3892,bcd_offset_y,SR24C-DI-EBPM-06:CF:BCD_Y_S,0,ao
3892,golden_offset_x,SR24C-DI-EBPM-06:CF:GOLDEN_X_S,0,ao
3892,golden_offset_y,SR24C-DI-EBPM-06:CF:GOLDEN_Y_S,0,ao
3906,bba_offset_x,SR24C-DI-EBPM-07:CF:BBA_X_S,0,ao
3906,bba_offset_y,SR24C-DI-EBPM-07:CF:BBA_Y_S,0,ao
3906,bcd_offset_x,SR24C-DI-EBPM-07:CF:BCD_X_S,0,ao
3906,bcd_offset_y,SR24C-DI-EBPM-07:CF:BCD_Y_S,0,ao
3906,golden_offset_x,SR24C-DI-EBPM-07:CF:GOLDEN_X_S,0,ao
3906,golden_offset_y,SR24C-DI-EBPM-07:CF:GOLDEN_Y_S,0,ao
3920,bba_offset_x,SR24C-DI-EBPM-08:CF:BBA_X_S,0,ao
3920,bba_offset_y,SR24C-DI-EBPM-08:CF:BBA_Y_S,0,ao
3920,bcd_offset_x,SR24C-DI-EBPM-08:CF:BCD_X_S,0,ao
3920,bcd_offset_y,SR24C-DI-EBPM-08:CF:BCD_Y_S,0,ao
3920,golden_offset_x,SR24C-DI-EBPM-08:CF:GOLDEN_X_S,0,ao
3920,golden_offset_y,SR24C-DI-EBPM-08:CF:GOLDEN_Y_S,0,ao
3936,bba_offset_x,SR24C-DI-EBPM-09:CF:BBA_X_S,0,ao
3936,bba_offset_y,SR24C-DI-EBPM-09:CF:BBA_Y_S,0,ao
3936,bcd_offset_x,SR24C-DI-EBPM-09:CF:BCD_X_S,0,ao
3936,bcd_offset_y,SR24C-DI-EBPM-09:CF:BCD_Y_S,0,ao
3936,golden_offset_x,SR24C-DI-EBPM-09:CF:GOLDEN_X_S,0,ao
3936,golden_offset_y,SR24C-DI-EBPM-09:CF:GOLDEN_Y_S,0,ao
3950,bba_offset_x,SR24C-DI-EBPM-10:CF:BBA_X_S,0,ao
3950,bba_offset_y,SR24C-DI-EBPM-10:CF:BBA_Y_S,0,ao
3950,bcd_offset_x,SR24C-DI-EBPM-10:CF:BCD_X_S,0,ao
3950,bcd_offset_y,SR24C-DI-EBPM-10:CF:BCD_Y_S,0,ao
3950,golden_offset_x,SR24C-DI-EBPM-10:CF:GOLDEN_X_S,0,ao
3950,golden_offset_y,SR24C-DI-EBPM-10:CF:GOLDEN_Y_S,0,ao
3961,bba_offset_x,SR24C-DI-EBPM-11:CF:BBA_X_S,0,ao
3961,bba_offset_y,SR24C-DI-EBPM-11:CF:BBA_Y_S,0,ao
3961,bcd_offset_x,SR24C-DI-EBPM-11:CF:BCD_X_S,0,ao
3961,bcd_offset_y,SR24C-DI-EBPM-11:CF:BCD_Y_S,0,ao
3961,golden_offset_x,SR24C-DI-EBPM-11:CF:GOLDEN_X_S,0,ao
3961,golden_offset_y,SR24C-DI-EBPM-11:CF:GOLDEN_Y_S,0,ao
